outlet_id,district,latitude,longitude
OUT001,Colombo,6.93407,79.84695
OUT002,Colombo,6.91585,79.8529
OUT003,Colombo,6.93892,79.8665
OUT004,Colombo,6.94671,79.84881
OUT005,Colombo,6.9232,79.84709
OUT006,Colombo,6.91303,79.86136
OUT007,Colombo,6.90343,79.85217
OUT008,Colombo,6.93459,79.86255
OUT009,Colombo,6.91312,79.86388
OUT010,Colombo,6.94257,79.84639
OUT011,Colombo,6.94239,79.86714
OUT012,Colombo,6.91911,79.85086
OUT013,Colombo,6.94996,79.8563
OUT014,Colombo,6.90674,79.8491
OUT015,Colombo,6.94447,79.86431
OUT016,Colombo,6.94246,79.86809
OUT017,Colombo,6.92891,79.87539
OUT018,Colombo,6.92103,79.86276
OUT019,Colombo,6.94357,79.86476
OUT020,Colombo,6.94519,79.86352
OUT021,Colombo,6.93733,79.84757
OUT022,Colombo,6.91349,79.85488
OUT023,Colombo,6.90609,79.85318
OUT024,Colombo,6.90715,79.85454
OUT025,Gampaha,7.09815,79.98819
OUT026,Gampaha,7.07691,79.97576
OUT027,Gampaha,7.06866,80.03393
OUT028,Gampaha,7.09914,80.00773
OUT029,Gampaha,7.06099,80.01733
OUT030,Gampaha,7.06037,79.98936
OUT031,Gampaha,7.12646,80.0102
OUT032,Gampaha,7.09186,80.01377
OUT033,Gampaha,7.11473,80.02108
OUT034,Gampaha,7.06562,79.96157
OUT035,Gampaha,7.07254,79.98042
OUT036,Gampaha,7.06418,80.03443
OUT037,Gampaha,7.11741,79.98417
OUT038,Gampaha,7.09974,79.99065
OUT039,Gampaha,7.12046,79.99571
OUT040,Kalutara,6.56659,79.94043
OUT041,Kalutara,6.59031,79.94172
OUT042,Kalutara,6.59217,79.99253
OUT043,Kalutara,6.57735,79.93825
OUT044,Kalutara,6.6252,79.96146
OUT045,Kalutara,6.55267,79.92447
OUT046,Kalutara,6.55417,79.9709
OUT047,Kalutara,6.60877,79.95447
OUT048,Kalutara,6.55048,79.95123
OUT049,Kalutara,6.62509,79.96303
OUT050,Galle,6.09119,80.24986
OUT051,Galle,6.01442,80.23866
OUT052,Galle,6.06804,80.22396
OUT053,Galle,6.03485,80.23228
OUT054,Galle,6.02242,80.21578
OUT055,Galle,6.0498,80.25731
OUT056,Galle,6.08357,80.20207
OUT057,Galle,6.05355,80.19529
OUT058,Galle,6.08651,80.25064
OUT059,Matara,5.93878,80.56612
OUT060,Matara,5.96362,80.52723
OUT061,Matara,5.9759,80.55815
OUT062,Matara,5.97719,80.55743
OUT063,Matara,5.91495,80.54093
OUT064,Matara,5.91646,80.58933
OUT065,Kurunegala,7.5166,80.38883
OUT066,Kurunegala,7.4709,80.32693
OUT067,Kurunegala,7.51654,80.39806
OUT068,Kurunegala,7.45315,80.36118
OUT069,Kurunegala,7.45184,80.38315
OUT070,Kurunegala,7.50757,80.33257
OUT071,Kurunegala,7.48432,80.36628
OUT072,Kurunegala,7.4675,80.39209
OUT073,Puttalam,8.03005,79.80524
OUT074,Puttalam,8.03934,79.84669
OUT075,Puttalam,8.01229,79.81324
OUT076,Kandy,7.33021,80.64569
OUT077,Kandy,7.28565,80.63511
OUT078,Kandy,7.26028,80.61168
OUT079,Kandy,7.27765,80.64076
OUT080,Kandy,7.26901,80.61132
OUT081,Kandy,7.25628,80.64419
OUT082,Kandy,7.26892,80.66613
OUT083,Kandy,7.31937,80.59937
OUT084,Kandy,7.26964,80.64722
OUT085,Kandy,7.26774,80.60428
OUT086,Kandy,7.32544,80.63938
OUT087,Kandy,7.28841,80.65647
OUT088,Kandy,7.3152,80.60893
OUT089,Kandy,7.25835,80.62818
OUT090,Kandy,7.28449,80.63106
OUT091,Kandy,7.30893,80.64757
OUT092,Kandy,7.32933,80.60157
OUT093,Kandy,7.28281,80.62084
OUT094,Kandy,7.31953,80.61359
OUT095,Kandy,7.26582,80.62959
OUT096,Matale,7.46125,80.60568
OUT097,Matale,7.44748,80.65726
OUT098,Matale,7.46295,80.65231
OUT099,Matale,7.47153,80.58745
OUT100,Matale,7.50744,80.65028
OUT101,Matale,7.50502,80.65751
OUT102,Matale,7.4954,80.5967
OUT103,Matale,7.46635,80.6005
OUT104,Nuwara Eliya,6.94178,80.75379
OUT105,Nuwara Eliya,6.94002,80.82792
OUT106,Nuwara Eliya,6.93092,80.81183
OUT107,Nuwara Eliya,6.9461,80.78294
OUT108,Nuwara Eliya,6.98629,80.82873
OUT109,Nuwara Eliya,6.95416,80.80657
OUT110,Badulla,6.96578,81.03874
OUT111,Badulla,7.0309,81.06133
OUT112,Badulla,6.99678,81.07484
OUT113,Badulla,6.95797,81.06173
OUT114,Badulla,6.99363,81.08322
OUT115,Badulla,6.96599,81.09186
OUT116,Kegalle,7.21771,80.32127
OUT117,Kegalle,7.2589,80.36042
OUT118,Kegalle,7.23012,80.31599
OUT119,Kegalle,7.28252,80.3261
OUT120,Kegalle,7.25886,80.35595
