fuel_id,vehicle_id,fill_date,litres,price_per_l_lkr,cost_lkr,odometer_km,km_since_last_fill,station
FUL-00001,VEH001,2026-08-31,45.4,289,13121,215303,196,Ceypetco Peliyagoda
FUL-00002,VEH001,2026-09-04,91.1,289,26328,215702,399,Ceypetco Peliyagoda
FUL-00003,VEH001,2026-09-06,51.3,289,14826,215937,235,Lanka IOC Kelaniya
FUL-00004,VEH001,2026-09-10,98.1,289,28351,216385,448,Ceypetco Peliyagoda
FUL-00005,VEH001,2026-09-13,77.5,289,22398,216734,349,Lanka IOC Kelaniya
FUL-00006,VEH001,2026-09-15,52.7,289,15230,216976,242,Ceypetco Wattala
FUL-00007,VEH001,2026-09-17,56.3,289,16271,217224,248,Ceypetco Wattala
FUL-00008,VEH001,2026-09-19,46.1,289,13323,217421,197,Lanka IOC Kelaniya
FUL-00009,VEH001,2026-09-23,112.6,289,32541,217919,498,Lanka IOC Kelaniya
FUL-00010,VEH001,2026-09-26,68.1,289,19681,218223,304,Ceypetco Wattala
FUL-00011,VEH002,2026-09-02,78.2,289,22600,200320,433,Ceypetco Wattala
FUL-00012,VEH002,2026-09-04,62.8,289,18149,200673,353,Ceypetco Peliyagoda
FUL-00013,VEH002,2026-09-06,54.1,289,15635,200987,314,Lanka IOC Kelaniya
FUL-00014,VEH002,2026-09-10,122.2,289,35316,201656,669,Ceypetco Wattala
FUL-00015,VEH002,2026-09-14,118.5,289,34246,202302,646,Lanka IOC Kelaniya
FUL-00016,VEH002,2026-09-17,89.7,289,25923,202804,502,Ceypetco Peliyagoda
FUL-00017,VEH002,2026-09-20,97.3,289,28120,203332,528,Lanka IOC Kelaniya
FUL-00018,VEH002,2026-09-24,114.4,289,33062,203970,638,Ceypetco Peliyagoda
FUL-00019,VEH002,2026-09-26,51.9,289,14999,204273,303,Ceypetco Wattala
FUL-00020,VEH003,2026-08-31,87.1,289,25172,229525,436,Lanka IOC Kelaniya
FUL-00021,VEH003,2026-09-04,86.0,289,24854,229941,416,Ceypetco Wattala
FUL-00022,VEH003,2026-09-06,38.6,289,11155,230134,193,Ceypetco Wattala
FUL-00023,VEH003,2026-09-10,75.8,289,21906,230520,386,Lanka IOC Kelaniya
FUL-00024,VEH003,2026-09-14,102.6,289,29651,231021,501,Ceypetco Wattala
FUL-00025,VEH003,2026-09-18,80.0,289,23120,231422,401,Lanka IOC Kelaniya
FUL-00026,VEH003,2026-09-22,93.5,289,27022,231888,466,Lanka IOC Kelaniya
FUL-00027,VEH003,2026-09-26,84.8,289,24507,232309,421,Ceypetco Peliyagoda
FUL-00028,VEH004,2026-08-31,118.1,289,34131,73266,546,Lanka IOC Kelaniya
FUL-00029,VEH004,2026-09-02,67.5,289,19508,73582,316,Ceypetco Wattala
FUL-00030,VEH004,2026-09-05,107.0,289,30923,74063,481,Lanka IOC Kelaniya
FUL-00031,VEH004,2026-09-07,59.1,289,17080,74321,258,Lanka IOC Kelaniya
FUL-00032,VEH004,2026-09-09,64.4,289,18612,74607,286,Lanka IOC Kelaniya
FUL-00033,VEH004,2026-09-12,99.5,289,28756,75043,436,Lanka IOC Kelaniya
FUL-00034,VEH004,2026-09-15,112.9,289,32628,75539,496,Ceypetco Peliyagoda
FUL-00035,VEH004,2026-09-19,116.3,289,33611,76086,547,Ceypetco Peliyagoda
FUL-00036,VEH004,2026-09-21,62.5,289,18062,76361,275,Lanka IOC Kelaniya
FUL-00037,VEH004,2026-09-23,62.8,289,18149,76645,284,Ceypetco Wattala
FUL-00038,VEH004,2026-09-26,93.1,289,26906,77073,428,Lanka IOC Kelaniya
FUL-00039,VEH005,2026-08-31,78.7,289,22744,46201,379,Lanka IOC Kelaniya
FUL-00040,VEH005,2026-09-03,75.3,289,21762,46554,353,Lanka IOC Kelaniya
FUL-00041,VEH005,2026-09-06,68.0,289,19652,46876,322,Lanka IOC Kelaniya
FUL-00042,VEH005,2026-09-08,44.9,289,12976,47081,205,Ceypetco Wattala
FUL-00043,VEH005,2026-09-10,44.6,289,12889,47289,208,Lanka IOC Kelaniya
FUL-00044,VEH005,2026-09-14,89.3,289,25808,47700,411,Ceypetco Peliyagoda
FUL-00045,VEH005,2026-09-16,43.7,289,12629,47909,209,Ceypetco Peliyagoda
FUL-00046,VEH005,2026-09-19,67.3,289,19450,48209,300,Ceypetco Wattala
FUL-00047,VEH005,2026-09-23,101.7,289,29391,48687,478,Ceypetco Wattala
FUL-00048,VEH005,2026-09-26,61.0,289,17629,48965,278,Lanka IOC Kelaniya
FUL-00049,VEH006,2026-09-01,40.9,289,11820,62588,179,Lanka IOC Kelaniya
FUL-00050,VEH006,2026-09-05,88.5,289,25576,62969,381,Ceypetco Wattala
FUL-00051,VEH006,2026-09-09,95.1,289,27484,63380,411,Lanka IOC Kelaniya
FUL-00052,VEH006,2026-09-13,94.8,289,27397,63792,412,Ceypetco Wattala
FUL-00053,VEH006,2026-09-16,56.2,289,16242,64044,252,Ceypetco Wattala
FUL-00054,VEH006,2026-09-20,74.9,289,21646,64378,334,Ceypetco Wattala
FUL-00055,VEH006,2026-09-24,84.9,289,24536,64747,369,Ceypetco Peliyagoda
FUL-00056,VEH006,2026-09-26,45.1,289,13034,64946,199,Ceypetco Wattala
FUL-00057,VEH007,2026-09-03,117.1,289,33842,243658,753,Ceypetco Wattala
FUL-00058,VEH007,2026-09-06,85.5,289,24710,244188,530,Ceypetco Wattala
FUL-00059,VEH007,2026-09-08,52.9,289,15288,244516,328,Ceypetco Peliyagoda
FUL-00060,VEH007,2026-09-12,125.4,289,36241,245275,759,Ceypetco Wattala
FUL-00061,VEH007,2026-09-14,60.0,289,17340,245642,367,Ceypetco Peliyagoda
FUL-00062,VEH007,2026-09-18,108.0,289,31212,246335,693,Ceypetco Wattala
FUL-00063,VEH007,2026-09-22,106.3,289,30721,247000,665,Ceypetco Peliyagoda
FUL-00064,VEH007,2026-09-26,107.8,289,31154,247685,685,Ceypetco Wattala
FUL-00065,VEH008,2026-09-02,117.4,289,33929,260963,607,Lanka IOC Kelaniya
FUL-00066,VEH008,2026-09-05,86.8,289,25085,261426,463,Ceypetco Wattala
FUL-00067,VEH008,2026-09-08,85.0,289,24565,261862,436,Ceypetco Wattala
FUL-00068,VEH008,2026-09-12,104.6,289,30229,262431,569,Lanka IOC Kelaniya
FUL-00069,VEH008,2026-09-16,111.9,289,32339,263027,596,Lanka IOC Kelaniya
FUL-00070,VEH008,2026-09-19,83.5,289,24132,263478,451,Ceypetco Peliyagoda
FUL-00071,VEH008,2026-09-22,92.8,289,26819,263959,481,Ceypetco Wattala
FUL-00072,VEH008,2026-09-26,101.1,289,29218,264509,550,Ceypetco Wattala
FUL-00073,VEH009,2026-09-01,119.6,289,34564,247996,594,Lanka IOC Kelaniya
FUL-00074,VEH009,2026-09-03,65.9,289,19045,248335,339,Ceypetco Wattala
FUL-00075,VEH009,2026-09-07,137.9,289,39853,249028,693,Lanka IOC Kelaniya
FUL-00076,VEH009,2026-09-11,137.3,289,39680,249712,684,Ceypetco Peliyagoda
FUL-00077,VEH009,2026-09-13,70.5,289,20374,250067,355,Ceypetco Wattala
FUL-00078,VEH009,2026-09-17,116.9,289,33784,250666,599,Ceypetco Peliyagoda
FUL-00079,VEH009,2026-09-21,106.3,289,30721,251230,564,Ceypetco Peliyagoda
FUL-00080,VEH009,2026-09-23,59.9,289,17311,251532,302,Ceypetco Wattala
FUL-00081,VEH009,2026-09-26,99.8,289,28842,252063,531,Ceypetco Peliyagoda
FUL-00082,VEH010,2026-08-31,82.3,289,23785,119671,462,Ceypetco Wattala
FUL-00083,VEH010,2026-09-04,121.5,289,35114,120350,679,Ceypetco Wattala
FUL-00084,VEH010,2026-09-07,105.9,289,30605,120900,550,Lanka IOC Kelaniya
FUL-00085,VEH010,2026-09-10,81.1,289,23438,121347,447,Ceypetco Peliyagoda
FUL-00086,VEH010,2026-09-12,70.5,289,20374,121725,378,Ceypetco Wattala
FUL-00087,VEH010,2026-09-14,57.8,289,16704,122046,321,Lanka IOC Kelaniya
FUL-00088,VEH010,2026-09-18,125.7,289,36327,122749,703,Lanka IOC Kelaniya
FUL-00089,VEH010,2026-09-20,65.0,289,18785,123093,344,Ceypetco Peliyagoda
FUL-00090,VEH010,2026-09-23,85.4,289,24681,123560,467,Ceypetco Peliyagoda
FUL-00091,VEH010,2026-09-26,93.1,289,26906,124051,491,Lanka IOC Kelaniya
FUL-00092,VEH011,2026-09-02,91.8,289,26530,65094,402,Ceypetco Peliyagoda
FUL-00093,VEH011,2026-09-06,116.2,289,33582,65611,517,Lanka IOC Kelaniya
FUL-00094,VEH011,2026-09-09,96.5,289,27888,66042,431,Lanka IOC Kelaniya
FUL-00095,VEH011,2026-09-11,52.9,289,15288,66277,235,Ceypetco Peliyagoda
FUL-00096,VEH011,2026-09-13,53.5,289,15462,66528,251,Lanka IOC Kelaniya
FUL-00097,VEH011,2026-09-15,55.8,289,16126,66773,245,Ceypetco Wattala
FUL-00098,VEH011,2026-09-18,91.8,289,26530,67190,417,Ceypetco Wattala
FUL-00099,VEH011,2026-09-20,48.9,289,14132,67418,228,Ceypetco Wattala
FUL-00100,VEH011,2026-09-23,90.5,289,26154,67831,413,Lanka IOC Kelaniya
FUL-00101,VEH011,2026-09-26,92.9,289,26848,68236,405,Ceypetco Wattala
FUL-00102,VEH012,2026-09-01,122.0,289,35258,224885,594,Ceypetco Peliyagoda
FUL-00103,VEH012,2026-09-05,115.8,289,33466,225462,577,Lanka IOC Kelaniya
FUL-00104,VEH012,2026-09-08,102.9,289,29738,225956,494,Ceypetco Wattala
FUL-00105,VEH012,2026-09-12,154.7,289,44708,226682,726,Lanka IOC Kelaniya
FUL-00106,VEH012,2026-09-14,71.5,289,20664,227034,352,Ceypetco Peliyagoda
FUL-00107,VEH012,2026-09-17,106.0,289,30634,227561,527,Ceypetco Wattala
FUL-00108,VEH012,2026-09-21,127.3,289,36790,228189,628,Ceypetco Peliyagoda
FUL-00109,VEH012,2026-09-23,67.0,289,19363,228513,324,Ceypetco Wattala
FUL-00110,VEH012,2026-09-26,99.0,289,28611,228983,470,Ceypetco Wattala
FUL-00111,VEH013,2026-09-01,90.8,289,26241,45503,472,Ceypetco Wattala
FUL-00112,VEH013,2026-09-03,73.1,289,21126,45874,371,Ceypetco Wattala
FUL-00113,VEH013,2026-09-07,141.2,289,40807,46617,743,Ceypetco Wattala
FUL-00114,VEH013,2026-09-09,61.1,289,17658,46933,316,Lanka IOC Kelaniya
FUL-00115,VEH013,2026-09-11,67.8,289,19594,47280,347,Lanka IOC Kelaniya
FUL-00116,VEH013,2026-09-15,111.1,289,32108,47834,554,Lanka IOC Kelaniya
FUL-00117,VEH013,2026-09-19,122.8,289,35489,48474,640,Lanka IOC Kelaniya
FUL-00118,VEH013,2026-09-23,123.4,289,35663,49105,631,Lanka IOC Kelaniya
FUL-00119,VEH013,2026-09-26,104.6,289,30229,49635,530,Lanka IOC Kelaniya
FUL-00120,VEH014,2026-08-31,142.7,289,41240,207907,652,Ceypetco Peliyagoda
FUL-00121,VEH014,2026-09-04,167.5,289,48408,208628,721,Ceypetco Peliyagoda
FUL-00122,VEH014,2026-09-07,108.8,289,31443,209106,478,Ceypetco Peliyagoda
FUL-00123,VEH014,2026-09-11,147.2,289,42541,209750,644,Ceypetco Peliyagoda
FUL-00124,VEH014,2026-09-14,117.4,289,33929,210277,527,Ceypetco Peliyagoda
FUL-00125,VEH014,2026-09-16,77.3,289,22340,210636,359,Ceypetco Wattala
FUL-00126,VEH014,2026-09-20,127.7,289,36905,211229,593,Ceypetco Peliyagoda
FUL-00127,VEH014,2026-09-22,67.3,289,19450,211531,302,Lanka IOC Kelaniya
FUL-00128,VEH014,2026-09-26,129.1,289,37310,212125,594,Ceypetco Wattala
FUL-00129,VEH015,2026-09-01,70.6,289,20403,141050,487,Lanka IOC Kelaniya
FUL-00130,VEH015,2026-09-05,99.4,289,28727,141768,718,Ceypetco Wattala
FUL-00131,VEH015,2026-09-08,56.1,289,16213,142184,416,Ceypetco Wattala
FUL-00132,VEH015,2026-09-12,90.5,289,26154,142827,643,Lanka IOC Kelaniya
FUL-00133,VEH015,2026-09-15,59.8,289,17282,143268,441,Ceypetco Wattala
FUL-00134,VEH015,2026-09-18,67.0,289,19363,143758,490,Lanka IOC Kelaniya
FUL-00135,VEH015,2026-09-20,47.9,289,13843,144107,349,Ceypetco Wattala
FUL-00136,VEH015,2026-09-22,38.3,289,11069,144392,285,Lanka IOC Kelaniya
FUL-00137,VEH015,2026-09-24,44.3,289,12803,144715,323,Lanka IOC Kelaniya
FUL-00138,VEH015,2026-09-26,48.2,289,13930,145057,342,Ceypetco Peliyagoda
FUL-00139,VEH016,2026-09-01,66.1,289,19103,212926,447,Lanka IOC Kelaniya
FUL-00140,VEH016,2026-09-05,55.4,289,16011,213286,360,Ceypetco Peliyagoda
FUL-00141,VEH016,2026-09-07,28.4,289,8208,213480,194,Lanka IOC Kelaniya
FUL-00142,VEH016,2026-09-09,30.5,289,8814,213691,211,Lanka IOC Kelaniya
FUL-00143,VEH016,2026-09-11,34.0,289,9826,213926,235,Ceypetco Peliyagoda
FUL-00144,VEH016,2026-09-13,29.2,289,8439,214120,194,Ceypetco Peliyagoda
FUL-00145,VEH016,2026-09-16,48.8,289,14103,214439,319,Ceypetco Peliyagoda
FUL-00146,VEH016,2026-09-19,52.2,289,15086,214792,353,Ceypetco Wattala
FUL-00147,VEH016,2026-09-22,53.1,289,15346,215139,347,Ceypetco Peliyagoda
FUL-00148,VEH016,2026-09-26,60.0,289,17340,215554,415,Ceypetco Wattala
FUL-00149,VEH017,2026-08-31,73.9,289,21357,109834,547,Ceypetco Peliyagoda
FUL-00150,VEH017,2026-09-02,30.6,289,8843,110072,238,Lanka IOC Kelaniya
FUL-00151,VEH017,2026-09-06,74.2,289,21444,110641,569,Ceypetco Peliyagoda
FUL-00152,VEH017,2026-09-08,32.9,289,9508,110887,246,Lanka IOC Kelaniya
FUL-00153,VEH017,2026-09-12,65.7,289,18987,111395,508,Ceypetco Wattala
FUL-00154,VEH017,2026-09-15,49.4,289,14277,111776,381,Ceypetco Peliyagoda
FUL-00155,VEH017,2026-09-18,48.6,289,14045,112138,362,Lanka IOC Kelaniya
FUL-00156,VEH017,2026-09-21,49.2,289,14219,112509,371,Ceypetco Wattala
FUL-00157,VEH017,2026-09-24,57.2,289,16531,112941,432,Ceypetco Wattala
FUL-00158,VEH017,2026-09-26,35.4,289,10231,113212,271,Ceypetco Wattala
FUL-00159,VEH018,2026-09-02,89.7,289,25923,90352,629,Lanka IOC Kelaniya
FUL-00160,VEH018,2026-09-04,45.0,289,13005,90654,302,Ceypetco Wattala
FUL-00161,VEH018,2026-09-06,39.8,289,11502,90916,262,Lanka IOC Kelaniya
FUL-00162,VEH018,2026-09-08,42.2,289,12196,91210,294,Ceypetco Peliyagoda
FUL-00163,VEH018,2026-09-10,49.8,289,14392,91552,342,Ceypetco Peliyagoda
FUL-00164,VEH018,2026-09-14,101.2,289,29247,92239,687,Ceypetco Wattala
FUL-00165,VEH018,2026-09-17,58.7,289,16964,92649,410,Ceypetco Wattala
FUL-00166,VEH018,2026-09-20,59.2,289,17109,93057,408,Lanka IOC Kelaniya
FUL-00167,VEH018,2026-09-23,64.8,289,18727,93504,447,Ceypetco Peliyagoda
FUL-00168,VEH018,2026-09-26,75.3,289,21762,94020,516,Ceypetco Peliyagoda
FUL-00169,VEH019,2026-08-31,91.0,289,26299,249774,444,Ceypetco Wattala
FUL-00170,VEH019,2026-09-02,41.0,289,11849,249970,196,Ceypetco Peliyagoda
FUL-00171,VEH019,2026-09-04,47.1,289,13612,250204,234,Ceypetco Peliyagoda
FUL-00172,VEH019,2026-09-06,42.4,289,12254,250414,210,Lanka IOC Kelaniya
FUL-00173,VEH019,2026-09-09,68.2,289,19710,250756,342,Lanka IOC Kelaniya
FUL-00174,VEH019,2026-09-12,58.6,289,16935,251049,293,Ceypetco Wattala
FUL-00175,VEH019,2026-09-15,77.5,289,22398,251416,367,Lanka IOC Kelaniya
FUL-00176,VEH019,2026-09-17,42.3,289,12225,251622,206,Ceypetco Wattala
FUL-00177,VEH019,2026-09-19,42.2,289,12196,251819,197,Ceypetco Peliyagoda
FUL-00178,VEH019,2026-09-23,87.7,289,25345,252257,438,Ceypetco Wattala
FUL-00179,VEH019,2026-09-26,58.0,289,16762,252544,287,Ceypetco Peliyagoda
FUL-00180,VEH020,2026-08-31,131.9,289,38119,158078,692,Lanka IOC Kelaniya
FUL-00181,VEH020,2026-09-03,102.7,289,29680,158601,523,Ceypetco Peliyagoda
FUL-00182,VEH020,2026-09-06,97.3,289,28120,159113,512,Ceypetco Peliyagoda
FUL-00183,VEH020,2026-09-09,85.1,289,24594,159550,437,Lanka IOC Kelaniya
FUL-00184,VEH020,2026-09-13,130.9,289,37830,160260,710,Ceypetco Peliyagoda
FUL-00185,VEH020,2026-09-15,69.9,289,20201,160629,369,Ceypetco Peliyagoda
FUL-00186,VEH020,2026-09-17,54.3,289,15693,160922,293,Lanka IOC Kelaniya
FUL-00187,VEH020,2026-09-20,103.2,289,29825,161466,544,Ceypetco Wattala
FUL-00188,VEH020,2026-09-22,68.6,289,19825,161831,365,Ceypetco Wattala
FUL-00189,VEH020,2026-09-26,138.1,289,39911,162554,723,Ceypetco Wattala
FUL-00190,VEH021,2026-09-02,67.0,289,19363,217022,448,Ceypetco Peliyagoda
FUL-00191,VEH021,2026-09-05,63.7,289,18409,217423,401,Ceypetco Peliyagoda
FUL-00192,VEH021,2026-09-09,83.8,289,24218,217967,544,Ceypetco Peliyagoda
FUL-00193,VEH021,2026-09-11,43.5,289,12572,218249,282,Ceypetco Peliyagoda
FUL-00194,VEH021,2026-09-14,74.4,289,21502,218745,496,Lanka IOC Kelaniya
FUL-00195,VEH021,2026-09-18,87.4,289,25259,219330,585,Lanka IOC Kelaniya
FUL-00196,VEH021,2026-09-21,67.1,289,19392,219776,446,Ceypetco Wattala
FUL-00197,VEH021,2026-09-24,70.1,289,20259,220230,454,Ceypetco Wattala
FUL-00198,VEH021,2026-09-26,47.0,289,13583,220545,315,Ceypetco Wattala
FUL-00199,VEH022,2026-09-01,25.9,289,7485,239743,176,Ceypetco Wattala
FUL-00200,VEH022,2026-09-04,41.0,289,11849,240012,269,Ceypetco Wattala
FUL-00201,VEH022,2026-09-07,38.5,289,11126,240258,246,Lanka IOC Kelaniya
FUL-00202,VEH022,2026-09-09,25.4,289,7341,240422,164,Ceypetco Wattala
FUL-00203,VEH022,2026-09-13,55.5,289,16040,240792,370,Ceypetco Wattala
FUL-00204,VEH022,2026-09-17,60.6,289,17513,241205,413,Ceypetco Peliyagoda
FUL-00205,VEH022,2026-09-20,42.1,289,12167,241472,267,Lanka IOC Kelaniya
FUL-00206,VEH022,2026-09-23,48.5,289,14016,241778,306,Ceypetco Peliyagoda
FUL-00207,VEH022,2026-09-26,42.3,289,12225,242058,280,Ceypetco Peliyagoda
FUL-00208,VEH023,2026-09-01,99.2,289,28669,153370,477,Ceypetco Peliyagoda
FUL-00209,VEH023,2026-09-04,100.5,289,29044,153849,479,Ceypetco Wattala
FUL-00210,VEH023,2026-09-07,119.3,289,34478,154416,567,Ceypetco Wattala
FUL-00211,VEH023,2026-09-10,98.7,289,28524,154882,466,Ceypetco Peliyagoda
FUL-00212,VEH023,2026-09-13,97.3,289,28120,155351,469,Ceypetco Wattala
FUL-00213,VEH023,2026-09-16,108.7,289,31414,155864,513,Ceypetco Wattala
FUL-00214,VEH023,2026-09-20,167.9,289,48523,156622,758,Ceypetco Peliyagoda
FUL-00215,VEH023,2026-09-23,105.6,289,30518,157110,488,Ceypetco Wattala
FUL-00216,VEH023,2026-09-26,119.0,289,34391,157658,548,Lanka IOC Kelaniya
FUL-00217,VEH024,2026-08-31,78.0,289,22542,248804,444,Ceypetco Peliyagoda
FUL-00218,VEH024,2026-09-03,56.2,289,16242,249143,339,Ceypetco Wattala
FUL-00219,VEH024,2026-09-07,73.4,289,21213,249559,416,Ceypetco Wattala
FUL-00220,VEH024,2026-09-10,53.1,289,15346,249882,323,Lanka IOC Kelaniya
FUL-00221,VEH024,2026-09-13,62.5,289,18062,250249,367,Ceypetco Peliyagoda
FUL-00222,VEH024,2026-09-17,71.6,289,20692,250666,417,Ceypetco Wattala
FUL-00223,VEH024,2026-09-20,49.5,289,14306,250961,295,Ceypetco Wattala
FUL-00224,VEH024,2026-09-23,58.8,289,16993,251297,336,Ceypetco Peliyagoda
FUL-00225,VEH024,2026-09-26,61.9,289,17889,251649,352,Ceypetco Wattala
FUL-00226,VEH025,2026-09-01,50.5,289,14594,231458,290,Ceypetco Peliyagoda
FUL-00227,VEH025,2026-09-03,48.0,289,13872,231733,275,Lanka IOC Kelaniya
FUL-00228,VEH025,2026-09-05,42.4,289,12254,231988,255,Ceypetco Wattala
FUL-00229,VEH025,2026-09-07,50.1,289,14479,232274,286,Ceypetco Wattala
FUL-00230,VEH025,2026-09-11,107.9,289,31183,232883,609,Lanka IOC Kelaniya
FUL-00231,VEH025,2026-09-14,70.4,289,20346,233301,418,Lanka IOC Kelaniya
FUL-00232,VEH025,2026-09-18,107.2,289,30981,233910,609,Ceypetco Peliyagoda
FUL-00233,VEH025,2026-09-20,49.7,289,14363,234199,289,Lanka IOC Kelaniya
FUL-00234,VEH025,2026-09-23,67.8,289,19594,234580,381,Ceypetco Peliyagoda
FUL-00235,VEH025,2026-09-26,86.0,289,24854,235073,493,Ceypetco Wattala
FUL-00236,VEH026,2026-08-31,76.2,289,22022,54409,344,Lanka IOC Kelaniya
FUL-00237,VEH026,2026-09-04,158.9,289,45922,55099,690,Lanka IOC Kelaniya
FUL-00238,VEH026,2026-09-06,76.2,289,22022,55434,335,Ceypetco Peliyagoda
FUL-00239,VEH026,2026-09-08,69.5,289,20086,55745,311,Lanka IOC Kelaniya
FUL-00240,VEH026,2026-09-11,89.4,289,25837,56151,406,Ceypetco Peliyagoda
FUL-00241,VEH026,2026-09-13,62.8,289,18149,56437,286,Lanka IOC Kelaniya
FUL-00242,VEH026,2026-09-16,97.4,289,28149,56872,435,Ceypetco Wattala
FUL-00243,VEH026,2026-09-18,66.8,289,19305,57171,299,Lanka IOC Kelaniya
FUL-00244,VEH026,2026-09-22,133.0,289,38437,57754,583,Ceypetco Wattala
FUL-00245,VEH026,2026-09-26,120.9,289,34940,58311,557,Ceypetco Wattala
FUL-00246,VEH027,2026-09-01,78.1,289,22571,74530,545,Ceypetco Peliyagoda
FUL-00247,VEH027,2026-09-04,48.2,289,13930,74859,329,Ceypetco Wattala
FUL-00248,VEH027,2026-09-07,55.0,289,15895,75232,373,Ceypetco Peliyagoda
FUL-00249,VEH027,2026-09-10,56.9,289,16444,75616,384,Lanka IOC Kelaniya
FUL-00250,VEH027,2026-09-12,34.1,289,9855,75839,223,Lanka IOC Kelaniya
FUL-00251,VEH027,2026-09-16,64.7,289,18698,76263,424,Ceypetco Peliyagoda
FUL-00252,VEH027,2026-09-20,75.7,289,21877,76791,528,Ceypetco Peliyagoda
FUL-00253,VEH027,2026-09-23,54.4,289,15722,77167,376,Lanka IOC Kelaniya
FUL-00254,VEH027,2026-09-26,55.8,289,16126,77539,372,Lanka IOC Kelaniya
FUL-00255,VEH028,2026-09-02,93.5,289,27022,156212,639,Lanka IOC Kelaniya
FUL-00256,VEH028,2026-09-06,98.4,289,28438,156895,683,Ceypetco Wattala
FUL-00257,VEH028,2026-09-10,85.8,289,24796,157491,596,Lanka IOC Kelaniya
FUL-00258,VEH028,2026-09-12,44.7,289,12918,157789,298,Ceypetco Wattala
FUL-00259,VEH028,2026-09-14,46.6,289,13467,158113,324,Ceypetco Peliyagoda
FUL-00260,VEH028,2026-09-18,103.3,289,29854,158814,701,Ceypetco Wattala
FUL-00261,VEH028,2026-09-21,68.3,289,19739,159278,464,Lanka IOC Kelaniya
FUL-00262,VEH028,2026-09-24,80.0,289,23120,159822,544,Ceypetco Wattala
FUL-00263,VEH028,2026-09-26,47.8,289,13814,160139,317,Ceypetco Peliyagoda
FUL-00264,VEH029,2026-09-02,61.8,289,17860,135380,353,Lanka IOC Kelaniya
FUL-00265,VEH029,2026-09-06,69.4,289,20057,135755,375,Lanka IOC Kelaniya
FUL-00266,VEH029,2026-09-08,38.0,289,10982,135969,214,Ceypetco Wattala
FUL-00267,VEH029,2026-09-12,69.1,289,19970,136353,384,Lanka IOC Kelaniya
FUL-00268,VEH029,2026-09-16,67.0,289,19363,136728,375,Ceypetco Wattala
FUL-00269,VEH029,2026-09-18,31.9,289,9219,136907,179,Ceypetco Wattala
FUL-00270,VEH029,2026-09-20,33.6,289,9710,137099,192,Ceypetco Peliyagoda
FUL-00271,VEH029,2026-09-22,35.5,289,10260,137292,193,Ceypetco Peliyagoda
FUL-00272,VEH029,2026-09-26,77.9,289,22513,137714,422,Lanka IOC Kelaniya
FUL-00273,VEH030,2026-09-01,96.1,289,27773,91391,576,Ceypetco Wattala
FUL-00274,VEH030,2026-09-04,85.5,289,24710,91892,501,Ceypetco Peliyagoda
FUL-00275,VEH030,2026-09-07,88.6,289,25605,92402,510,Ceypetco Wattala
FUL-00276,VEH030,2026-09-11,123.1,289,35576,93139,737,Lanka IOC Kelaniya
FUL-00277,VEH030,2026-09-15,113.0,289,32657,93799,660,Ceypetco Wattala
FUL-00278,VEH030,2026-09-18,76.5,289,22108,94252,453,Ceypetco Wattala
FUL-00279,VEH030,2026-09-20,61.4,289,17745,94617,365,Ceypetco Wattala
FUL-00280,VEH030,2026-09-22,52.3,289,15115,94919,302,Lanka IOC Kelaniya
FUL-00281,VEH030,2026-09-26,99.6,289,28784,95520,601,Ceypetco Peliyagoda
FUL-00282,VEH031,2026-09-01,64.3,289,18583,78254,320,Ceypetco Peliyagoda
FUL-00283,VEH031,2026-09-03,54.7,289,15808,78525,271,Lanka IOC Kelaniya
FUL-00284,VEH031,2026-09-06,65.0,289,18785,78857,332,Ceypetco Wattala
FUL-00285,VEH031,2026-09-08,49.5,289,14306,79096,239,Ceypetco Wattala
FUL-00286,VEH031,2026-09-11,59.9,289,17311,79408,312,Ceypetco Peliyagoda
FUL-00287,VEH031,2026-09-13,41.6,289,12022,79622,214,Ceypetco Peliyagoda
FUL-00288,VEH031,2026-09-16,79.4,289,22947,80030,408,Lanka IOC Kelaniya
FUL-00289,VEH031,2026-09-20,83.7,289,24189,80463,433,Ceypetco Wattala
FUL-00290,VEH031,2026-09-23,80.7,289,23322,80864,401,Lanka IOC Kelaniya
FUL-00291,VEH031,2026-09-26,79.7,289,23033,81265,401,Ceypetco Wattala
FUL-00292,VEH032,2026-09-02,74.2,289,21444,203968,391,Ceypetco Peliyagoda
FUL-00293,VEH032,2026-09-04,42.8,289,12369,204187,219,Ceypetco Wattala
FUL-00294,VEH032,2026-09-06,41.8,289,12080,204413,226,Ceypetco Wattala
FUL-00295,VEH032,2026-09-09,53.2,289,15375,204703,290,Ceypetco Peliyagoda
FUL-00296,VEH032,2026-09-11,36.2,289,10462,204894,191,Lanka IOC Kelaniya
FUL-00297,VEH032,2026-09-13,38.5,289,11126,205103,209,Ceypetco Wattala
FUL-00298,VEH032,2026-09-16,64.8,289,18727,205448,345,Ceypetco Wattala
FUL-00299,VEH032,2026-09-18,42.1,289,12167,205678,230,Lanka IOC Kelaniya
FUL-00300,VEH032,2026-09-20,41.1,289,11878,205896,218,Ceypetco Peliyagoda
FUL-00301,VEH032,2026-09-22,41.6,289,12022,206111,215,Ceypetco Peliyagoda
FUL-00302,VEH032,2026-09-26,73.9,289,21357,206492,381,Ceypetco Peliyagoda
FUL-00303,VEH033,2026-08-31,45.4,289,13121,154667,199,Lanka IOC Kelaniya
FUL-00304,VEH033,2026-09-02,46.7,289,13496,154883,216,Ceypetco Wattala
FUL-00305,VEH033,2026-09-04,48.1,289,13901,155097,214,Ceypetco Wattala
FUL-00306,VEH033,2026-09-07,59.9,289,17311,155370,273,Ceypetco Peliyagoda
FUL-00307,VEH033,2026-09-11,73.6,289,21270,155712,342,Ceypetco Wattala
FUL-00308,VEH033,2026-09-15,95.7,289,27657,156137,425,Ceypetco Peliyagoda
FUL-00309,VEH033,2026-09-19,76.9,289,22224,156486,349,Lanka IOC Kelaniya
FUL-00310,VEH033,2026-09-22,73.4,289,21213,156811,325,Lanka IOC Kelaniya
FUL-00311,VEH033,2026-09-26,82.1,289,23727,157196,385,Ceypetco Peliyagoda
FUL-00312,VEH034,2026-08-31,60.3,289,17427,39063,317,Ceypetco Wattala
FUL-00313,VEH034,2026-09-02,60.9,289,17600,39378,315,Ceypetco Wattala
FUL-00314,VEH034,2026-09-06,109.7,289,31703,39940,562,Ceypetco Wattala
FUL-00315,VEH034,2026-09-09,77.5,289,22398,40352,412,Ceypetco Wattala
FUL-00316,VEH034,2026-09-13,128.7,289,37194,41030,678,Ceypetco Peliyagoda
FUL-00317,VEH034,2026-09-16,88.2,289,25490,41502,472,Lanka IOC Kelaniya
FUL-00318,VEH034,2026-09-18,52.8,289,15259,41772,270,Ceypetco Wattala
FUL-00319,VEH034,2026-09-20,63.2,289,18265,42094,322,Lanka IOC Kelaniya
FUL-00320,VEH034,2026-09-23,98.8,289,28553,42629,535,Ceypetco Wattala
FUL-00321,VEH034,2026-09-26,84.1,289,24305,43081,452,Ceypetco Peliyagoda
FUL-00322,VEH035,2026-09-02,23.5,289,6792,101040,212,Ceypetco Wattala
FUL-00323,VEH035,2026-09-04,18.2,289,5260,101204,164,Ceypetco Wattala
FUL-00324,VEH035,2026-09-08,35.8,289,10346,101533,329,Ceypetco Wattala
FUL-00325,VEH035,2026-09-12,30.4,289,8786,101815,282,Ceypetco Peliyagoda
FUL-00326,VEH035,2026-09-15,23.9,289,6907,102044,229,Lanka IOC Kelaniya
FUL-00327,VEH035,2026-09-17,17.7,289,5115,102205,161,Lanka IOC Kelaniya
FUL-00328,VEH035,2026-09-21,30.4,289,8786,102479,274,Ceypetco Wattala
FUL-00329,VEH035,2026-09-23,15.0,289,4335,102622,143,Lanka IOC Kelaniya
FUL-00330,VEH035,2026-09-26,21.3,289,6156,102823,201,Ceypetco Peliyagoda
FUL-00331,VEH036,2026-09-02,45.9,289,13265,157244,361,Ceypetco Peliyagoda
FUL-00332,VEH036,2026-09-04,26.7,289,7716,157457,213,Ceypetco Wattala
FUL-00333,VEH036,2026-09-08,60.0,289,17340,157916,459,Ceypetco Wattala
FUL-00334,VEH036,2026-09-10,27.5,289,7948,158138,222,Ceypetco Peliyagoda
FUL-00335,VEH036,2026-09-13,48.5,289,14016,158508,370,Ceypetco Peliyagoda
FUL-00336,VEH036,2026-09-15,25.9,289,7485,158710,202,Ceypetco Peliyagoda
FUL-00337,VEH036,2026-09-19,58.2,289,16820,159149,439,Ceypetco Wattala
FUL-00338,VEH036,2026-09-23,60.8,289,17571,159610,461,Ceypetco Peliyagoda
FUL-00339,VEH036,2026-09-26,36.9,289,10664,159905,295,Lanka IOC Kelaniya
FUL-00340,VEH037,2026-09-01,21.3,289,6156,116865,221,Ceypetco Wattala
FUL-00341,VEH037,2026-09-05,42.0,289,12138,117321,456,Ceypetco Wattala
FUL-00342,VEH037,2026-09-07,18.2,289,5260,117509,188,Lanka IOC Kelaniya
FUL-00343,VEH037,2026-09-09,16.9,289,4884,117692,183,Ceypetco Peliyagoda
FUL-00344,VEH037,2026-09-11,20.8,289,6011,117911,219,Ceypetco Peliyagoda
FUL-00345,VEH037,2026-09-15,43.0,289,12427,118379,468,Ceypetco Wattala
FUL-00346,VEH037,2026-09-19,40.7,289,11762,118804,425,Ceypetco Peliyagoda
FUL-00347,VEH037,2026-09-21,17.9,289,5173,118996,192,Lanka IOC Kelaniya
FUL-00348,VEH037,2026-09-23,20.7,289,5982,119204,208,Lanka IOC Kelaniya
FUL-00349,VEH037,2026-09-26,32.2,289,9306,119536,332,Ceypetco Peliyagoda
FUL-00350,VEH038,2026-09-02,21.2,289,6127,191323,236,Ceypetco Peliyagoda
FUL-00351,VEH038,2026-09-05,21.9,289,6329,191577,254,Ceypetco Peliyagoda
FUL-00352,VEH038,2026-09-08,19.8,289,5722,191799,222,Ceypetco Wattala
FUL-00353,VEH038,2026-09-11,22.7,289,6560,192050,251,Ceypetco Peliyagoda
FUL-00354,VEH038,2026-09-14,18.2,289,5260,192259,209,Ceypetco Peliyagoda
FUL-00355,VEH038,2026-09-16,13.9,289,4017,192419,160,Ceypetco Peliyagoda
FUL-00356,VEH038,2026-09-19,24.9,289,7196,192693,274,Ceypetco Peliyagoda
FUL-00357,VEH038,2026-09-23,26.4,289,7630,193004,311,Lanka IOC Kelaniya
FUL-00358,VEH038,2026-09-26,17.8,289,5144,193214,210,Lanka IOC Kelaniya
FUL-00359,VEH039,2026-09-03,91.9,289,26559,175361,428,Lanka IOC Peradeniya
FUL-00360,VEH039,2026-09-05,46.3,289,13381,175587,226,Ceypetco Katugastota
FUL-00361,VEH039,2026-09-08,56.1,289,16213,175864,277,Ceypetco Katugastota
FUL-00362,VEH039,2026-09-11,63.1,289,18236,176153,289,Ceypetco Katugastota
FUL-00363,VEH039,2026-09-14,55.3,289,15982,176420,267,Ceypetco Katugastota
FUL-00364,VEH039,2026-09-18,92.2,289,26646,176842,422,Ceypetco Katugastota
FUL-00365,VEH039,2026-09-20,36.9,289,10664,177020,178,Ceypetco Katugastota
FUL-00366,VEH039,2026-09-23,60.4,289,17456,177315,295,Ceypetco Katugastota
FUL-00367,VEH039,2026-09-26,73.3,289,21184,177655,340,Ceypetco Katugastota
FUL-00368,VEH040,2026-09-03,97.6,289,28206,257983,468,Ceypetco Katugastota
FUL-00369,VEH040,2026-09-07,99.4,289,28727,258447,464,Lanka IOC Peradeniya
FUL-00370,VEH040,2026-09-09,44.1,289,12745,258662,215,Lanka IOC Peradeniya
FUL-00371,VEH040,2026-09-12,63.3,289,18294,258980,318,Lanka IOC Peradeniya
FUL-00372,VEH040,2026-09-16,99.9,289,28871,259450,470,Ceypetco Katugastota
FUL-00373,VEH040,2026-09-18,58.1,289,16791,259725,275,Ceypetco Katugastota
FUL-00374,VEH040,2026-09-22,89.3,289,25808,260169,444,Ceypetco Kandy City
FUL-00375,VEH040,2026-09-26,115.6,289,33408,260711,542,Ceypetco Kandy City
FUL-00376,VEH041,2026-08-31,71.0,289,20519,219868,437,Lanka IOC Peradeniya
FUL-00377,VEH041,2026-09-03,66.0,289,19074,220279,411,Ceypetco Katugastota
FUL-00378,VEH041,2026-09-06,63.0,289,18207,220684,405,Lanka IOC Peradeniya
FUL-00379,VEH041,2026-09-10,84.7,289,24478,221227,543,Ceypetco Kandy City
FUL-00380,VEH041,2026-09-14,92.9,289,26848,221844,617,Lanka IOC Peradeniya
FUL-00381,VEH041,2026-09-18,78.9,289,22802,222368,524,Ceypetco Kandy City
FUL-00382,VEH041,2026-09-21,58.6,289,16935,222754,386,Ceypetco Katugastota
FUL-00383,VEH041,2026-09-23,39.2,289,11329,223002,248,Ceypetco Katugastota
FUL-00384,VEH041,2026-09-26,64.5,289,18640,223416,414,Ceypetco Katugastota
FUL-00385,VEH042,2026-09-01,49.8,289,14392,149282,240,Lanka IOC Peradeniya
FUL-00386,VEH042,2026-09-05,94.2,289,27224,149727,445,Ceypetco Kandy City
FUL-00387,VEH042,2026-09-07,49.8,289,14392,149958,231,Lanka IOC Peradeniya
FUL-00388,VEH042,2026-09-11,95.4,289,27571,150421,463,Ceypetco Katugastota
FUL-00389,VEH042,2026-09-13,41.6,289,12022,150618,197,Lanka IOC Peradeniya
FUL-00390,VEH042,2026-09-16,75.8,289,21906,150988,370,Ceypetco Katugastota
FUL-00391,VEH042,2026-09-20,100.2,289,28958,151470,482,Ceypetco Katugastota
FUL-00392,VEH042,2026-09-22,48.3,289,13959,151705,235,Ceypetco Katugastota
FUL-00393,VEH042,2026-09-26,98.5,289,28466,152183,478,Ceypetco Katugastota
FUL-00394,VEH043,2026-09-01,43.8,289,12658,232424,209,Lanka IOC Peradeniya
FUL-00395,VEH043,2026-09-05,69.9,289,20201,232746,322,Ceypetco Kandy City
FUL-00396,VEH043,2026-09-08,61.4,289,17745,233037,291,Lanka IOC Peradeniya
FUL-00397,VEH043,2026-09-12,83.6,289,24160,233443,406,Ceypetco Kandy City
FUL-00398,VEH043,2026-09-16,86.1,289,24883,233855,412,Lanka IOC Peradeniya
FUL-00399,VEH043,2026-09-19,52.3,289,15115,234093,238,Ceypetco Katugastota
FUL-00400,VEH043,2026-09-21,42.8,289,12369,234299,206,Ceypetco Kandy City
FUL-00401,VEH043,2026-09-23,43.3,289,12514,234499,200,Ceypetco Kandy City
FUL-00402,VEH043,2026-09-26,48.2,289,13930,234732,233,Ceypetco Kandy City
FUL-00403,VEH044,2026-09-01,90.4,289,26126,162533,620,Ceypetco Kandy City
FUL-00404,VEH044,2026-09-03,37.9,289,10953,162798,265,Ceypetco Kandy City
FUL-00405,VEH044,2026-09-06,51.5,289,14884,163170,372,Ceypetco Kandy City
FUL-00406,VEH044,2026-09-10,71.4,289,20635,163679,509,Ceypetco Kandy City
FUL-00407,VEH044,2026-09-14,66.9,289,19334,164157,478,Lanka IOC Peradeniya
FUL-00408,VEH044,2026-09-18,89.8,289,25952,164788,631,Lanka IOC Peradeniya
FUL-00409,VEH044,2026-09-21,51.3,289,14826,165158,370,Ceypetco Katugastota
FUL-00410,VEH044,2026-09-23,37.1,289,10722,165426,268,Lanka IOC Peradeniya
FUL-00411,VEH044,2026-09-26,53.5,289,15462,165808,382,Ceypetco Katugastota
FUL-00412,VEH045,2026-08-31,47.7,289,13785,85661,303,Ceypetco Kandy City
FUL-00413,VEH045,2026-09-02,27.3,289,7890,85842,181,Ceypetco Katugastota
FUL-00414,VEH045,2026-09-05,41.6,289,12022,86099,257,Ceypetco Kandy City
FUL-00415,VEH045,2026-09-07,26.7,289,7716,86265,166,Lanka IOC Peradeniya
FUL-00416,VEH045,2026-09-09,28.4,289,8208,86444,179,Ceypetco Katugastota
FUL-00417,VEH045,2026-09-13,55.0,289,15895,86794,350,Ceypetco Katugastota
FUL-00418,VEH045,2026-09-16,48.4,289,13988,87105,311,Ceypetco Katugastota
FUL-00419,VEH045,2026-09-19,43.1,289,12456,87378,273,Lanka IOC Peradeniya
FUL-00420,VEH045,2026-09-21,33.2,289,9595,87590,212,Ceypetco Katugastota
FUL-00421,VEH045,2026-09-23,28.3,289,8179,87774,184,Ceypetco Katugastota
FUL-00422,VEH045,2026-09-26,47.7,289,13785,88084,310,Lanka IOC Peradeniya
FUL-00423,VEH046,2026-09-02,59.3,289,17138,203746,439,Lanka IOC Peradeniya
FUL-00424,VEH046,2026-09-05,69.1,289,19970,204235,489,Ceypetco Katugastota
FUL-00425,VEH046,2026-09-07,41.2,289,11907,204542,307,Ceypetco Kandy City
FUL-00426,VEH046,2026-09-10,58.3,289,16849,204945,403,Ceypetco Kandy City
FUL-00427,VEH046,2026-09-13,67.0,289,19363,205431,486,Lanka IOC Peradeniya
FUL-00428,VEH046,2026-09-15,39.6,289,11444,205714,283,Ceypetco Katugastota
FUL-00429,VEH046,2026-09-19,83.5,289,24132,206313,599,Lanka IOC Peradeniya
FUL-00430,VEH046,2026-09-22,58.9,289,17022,206721,408,Lanka IOC Peradeniya
FUL-00431,VEH046,2026-09-26,82.2,289,23756,207319,598,Lanka IOC Peradeniya
FUL-00432,VEH047,2026-09-02,86.4,289,24970,209746,417,Ceypetco Katugastota
FUL-00433,VEH047,2026-09-06,78.9,289,22802,210141,395,Lanka IOC Peradeniya
FUL-00434,VEH047,2026-09-09,63.9,289,18467,210448,307,Ceypetco Kandy City
FUL-00435,VEH047,2026-09-13,73.5,289,21242,210791,343,Ceypetco Katugastota
FUL-00436,VEH047,2026-09-16,63.7,289,18409,211097,306,Ceypetco Kandy City
FUL-00437,VEH047,2026-09-20,84.1,289,24305,211490,393,Ceypetco Kandy City
FUL-00438,VEH047,2026-09-23,60.8,289,17571,211776,286,Ceypetco Kandy City
FUL-00439,VEH047,2026-09-26,58.6,289,16935,212053,277,Ceypetco Kandy City
FUL-00440,VEH048,2026-08-31,108.8,289,31443,218615,579,Lanka IOC Peradeniya
FUL-00441,VEH048,2026-09-03,92.3,289,26675,219086,471,Ceypetco Katugastota
FUL-00442,VEH048,2026-09-07,101.4,289,29305,219615,529,Lanka IOC Peradeniya
FUL-00443,VEH048,2026-09-09,45.7,289,13207,219859,244,Ceypetco Katugastota
FUL-00444,VEH048,2026-09-12,85.6,289,24738,220329,470,Ceypetco Katugastota
FUL-00445,VEH048,2026-09-16,93.2,289,26935,220828,499,Ceypetco Kandy City
FUL-00446,VEH048,2026-09-20,99.0,289,28611,221375,547,Ceypetco Kandy City
FUL-00447,VEH048,2026-09-22,46.8,289,13525,221615,240,Ceypetco Kandy City
FUL-00448,VEH048,2026-09-24,58.4,289,16878,221933,318,Ceypetco Katugastota
FUL-00449,VEH048,2026-09-26,59.7,289,17253,222249,316,Ceypetco Katugastota
FUL-00450,VEH049,2026-09-01,40.7,289,11762,230209,274,Ceypetco Kandy City
FUL-00451,VEH049,2026-09-03,27.0,289,7803,230395,186,Ceypetco Kandy City
FUL-00452,VEH049,2026-09-06,47.7,289,13785,230726,331,Ceypetco Katugastota
FUL-00453,VEH049,2026-09-09,47.9,289,13843,231037,311,Ceypetco Katugastota
FUL-00454,VEH049,2026-09-13,64.0,289,18496,231452,415,Ceypetco Katugastota
FUL-00455,VEH049,2026-09-16,41.9,289,12109,231737,285,Lanka IOC Peradeniya
FUL-00456,VEH049,2026-09-20,62.5,289,18062,232142,405,Ceypetco Kandy City
FUL-00457,VEH049,2026-09-23,40.1,289,11589,232415,273,Lanka IOC Peradeniya
FUL-00458,VEH049,2026-09-26,47.0,289,13583,232741,326,Lanka IOC Peradeniya
FUL-00459,VEH050,2026-08-31,87.5,289,25288,253249,478,Ceypetco Kandy City
FUL-00460,VEH050,2026-09-02,42.3,289,12225,253478,229,Ceypetco Katugastota
FUL-00461,VEH050,2026-09-05,61.3,289,17716,253798,320,Ceypetco Katugastota
FUL-00462,VEH050,2026-09-07,52.4,289,15144,254069,271,Lanka IOC Peradeniya
FUL-00463,VEH050,2026-09-11,82.1,289,23727,254492,423,Lanka IOC Peradeniya
FUL-00464,VEH050,2026-09-14,60.6,289,17513,254821,329,Ceypetco Kandy City
FUL-00465,VEH050,2026-09-16,39.9,289,11531,255035,214,Lanka IOC Peradeniya
FUL-00466,VEH050,2026-09-19,76.6,289,22137,255440,405,Ceypetco Katugastota
FUL-00467,VEH050,2026-09-22,73.5,289,21242,255836,396,Lanka IOC Peradeniya
FUL-00468,VEH050,2026-09-26,82.2,289,23756,256268,432,Ceypetco Kandy City
FUL-00469,VEH051,2026-09-01,76.2,289,22022,47088,375,Lanka IOC Peradeniya
FUL-00470,VEH051,2026-09-03,43.7,289,12629,47305,217,Lanka IOC Peradeniya
FUL-00471,VEH051,2026-09-07,85.5,289,24710,47729,424,Lanka IOC Peradeniya
FUL-00472,VEH051,2026-09-11,80.0,289,23120,48129,400,Lanka IOC Peradeniya
FUL-00473,VEH051,2026-09-14,75.9,289,21935,48497,368,Lanka IOC Peradeniya
FUL-00474,VEH051,2026-09-16,49.9,289,14421,48742,245,Lanka IOC Peradeniya
FUL-00475,VEH051,2026-09-20,107.6,289,31096,49251,509,Ceypetco Katugastota
FUL-00476,VEH051,2026-09-23,64.7,289,18698,49553,302,Lanka IOC Peradeniya
FUL-00477,VEH051,2026-09-26,76.9,289,22224,49931,378,Lanka IOC Peradeniya
FUL-00478,VEH052,2026-08-31,89.5,289,25866,108298,605,Ceypetco Katugastota
FUL-00479,VEH052,2026-09-02,49.7,289,14363,108647,349,Ceypetco Kandy City
FUL-00480,VEH052,2026-09-06,87.9,289,25403,109233,586,Ceypetco Katugastota
FUL-00481,VEH052,2026-09-09,62.2,289,17976,109667,434,Ceypetco Kandy City
FUL-00482,VEH052,2026-09-12,77.3,289,22340,110203,536,Lanka IOC Peradeniya
FUL-00483,VEH052,2026-09-15,72.0,289,20808,110696,493,Lanka IOC Peradeniya
FUL-00484,VEH052,2026-09-19,94.1,289,27195,111347,651,Lanka IOC Peradeniya
FUL-00485,VEH052,2026-09-23,101.0,289,29189,112058,711,Lanka IOC Peradeniya
FUL-00486,VEH052,2026-09-26,72.7,289,21010,112537,479,Lanka IOC Peradeniya
FUL-00487,VEH053,2026-09-01,61.0,289,17629,251116,325,Ceypetco Kandy City
FUL-00488,VEH053,2026-09-03,37.8,289,10924,251326,210,Lanka IOC Peradeniya
FUL-00489,VEH053,2026-09-07,62.3,289,18005,251670,344,Lanka IOC Peradeniya
FUL-00490,VEH053,2026-09-09,32.4,289,9364,251844,174,Lanka IOC Peradeniya
FUL-00491,VEH053,2026-09-11,36.8,289,10635,252048,204,Lanka IOC Peradeniya
FUL-00492,VEH053,2026-09-15,67.0,289,19363,252403,355,Lanka IOC Peradeniya
FUL-00493,VEH053,2026-09-19,71.8,289,20750,252789,386,Ceypetco Kandy City
FUL-00494,VEH053,2026-09-22,56.4,289,16300,253086,297,Lanka IOC Peradeniya
FUL-00495,VEH053,2026-09-26,77.1,289,22282,253512,426,Lanka IOC Peradeniya
FUL-00496,VEH054,2026-09-01,43.5,289,12572,73813,217,Ceypetco Katugastota
FUL-00497,VEH054,2026-09-05,117.0,289,33813,74398,585,Ceypetco Kandy City
FUL-00498,VEH054,2026-09-07,54.4,289,15722,74674,276,Ceypetco Katugastota
FUL-00499,VEH054,2026-09-10,65.3,289,18872,75015,341,Lanka IOC Peradeniya
FUL-00500,VEH054,2026-09-13,83.6,289,24160,75453,438,Ceypetco Katugastota
FUL-00501,VEH054,2026-09-15,45.8,289,13236,75680,227,Ceypetco Katugastota
FUL-00502,VEH054,2026-09-18,71.2,289,20577,76052,372,Ceypetco Kandy City
FUL-00503,VEH054,2026-09-20,56.3,289,16271,76335,283,Lanka IOC Peradeniya
FUL-00504,VEH054,2026-09-22,51.1,289,14768,76588,253,Ceypetco Kandy City
FUL-00505,VEH054,2026-09-26,99.5,289,28756,77111,523,Lanka IOC Peradeniya
FUL-00506,VEH055,2026-09-03,102.3,289,29565,134057,672,Lanka IOC Peradeniya
FUL-00507,VEH055,2026-09-05,48.7,289,14074,134371,314,Ceypetco Kandy City
FUL-00508,VEH055,2026-09-09,99.4,289,28727,135000,629,Ceypetco Katugastota
FUL-00509,VEH055,2026-09-12,68.5,289,19796,135445,445,Lanka IOC Peradeniya
FUL-00510,VEH055,2026-09-14,45.3,289,13092,135751,306,Lanka IOC Peradeniya
FUL-00511,VEH055,2026-09-16,53.1,289,15346,136103,352,Lanka IOC Peradeniya
FUL-00512,VEH055,2026-09-19,82.1,289,23727,136643,540,Ceypetco Katugastota
FUL-00513,VEH055,2026-09-23,102.0,289,29478,137286,643,Ceypetco Katugastota
FUL-00514,VEH055,2026-09-26,64.9,289,18756,137713,427,Lanka IOC Peradeniya
FUL-00515,VEH056,2026-08-31,31.3,289,9046,195115,203,Ceypetco Kandy City
FUL-00516,VEH056,2026-09-02,30.1,289,8699,195311,196,Ceypetco Kandy City
FUL-00517,VEH056,2026-09-04,34.1,289,9855,195529,218,Lanka IOC Peradeniya
FUL-00518,VEH056,2026-09-08,59.8,289,17282,195911,382,Ceypetco Kandy City
FUL-00519,VEH056,2026-09-10,36.5,289,10548,196136,225,Ceypetco Kandy City
FUL-00520,VEH056,2026-09-12,35.8,289,10346,196357,221,Ceypetco Kandy City
FUL-00521,VEH056,2026-09-16,62.2,289,17976,196757,400,Ceypetco Katugastota
FUL-00522,VEH056,2026-09-20,73.9,289,21357,197226,469,Lanka IOC Peradeniya
FUL-00523,VEH056,2026-09-24,61.2,289,17687,197614,388,Ceypetco Katugastota
FUL-00524,VEH056,2026-09-26,31.9,289,9219,197811,197,Ceypetco Kandy City
FUL-00525,VEH057,2026-09-03,32.3,289,9335,180912,328,Ceypetco Katugastota
FUL-00526,VEH057,2026-09-07,27.1,289,7832,181186,274,Ceypetco Kandy City
FUL-00527,VEH057,2026-09-10,22.1,289,6387,181408,222,Ceypetco Katugastota
FUL-00528,VEH057,2026-09-13,24.8,289,7167,181671,263,Ceypetco Kandy City
FUL-00529,VEH057,2026-09-16,21.8,289,6300,181891,220,Ceypetco Kandy City
FUL-00530,VEH057,2026-09-20,34.5,289,9970,182248,357,Ceypetco Katugastota
FUL-00531,VEH057,2026-09-24,27.7,289,8005,182532,284,Lanka IOC Peradeniya
FUL-00532,VEH057,2026-09-26,16.2,289,4682,182701,169,Ceypetco Kandy City
FUL-00533,VEH058,2026-09-01,25.7,289,7427,43212,246,Lanka IOC Peradeniya
FUL-00534,VEH058,2026-09-05,49.3,289,14248,43700,488,Lanka IOC Peradeniya
FUL-00535,VEH058,2026-09-08,50.0,289,14450,44174,474,Lanka IOC Peradeniya
FUL-00536,VEH058,2026-09-12,52.5,289,15172,44675,501,Ceypetco Kandy City
FUL-00537,VEH058,2026-09-14,25.3,289,7312,44912,237,Lanka IOC Peradeniya
FUL-00538,VEH058,2026-09-18,49.6,289,14334,45404,492,Lanka IOC Peradeniya
FUL-00539,VEH058,2026-09-21,47.9,289,13843,45859,455,Ceypetco Kandy City
FUL-00540,VEH058,2026-09-23,31.1,289,8988,46168,309,Ceypetco Katugastota
FUL-00541,VEH058,2026-09-26,41.7,289,12051,46556,388,Ceypetco Katugastota
FUL-00542,VEH059,2026-08-31,53.9,289,15577,241421,537,Ceypetco Kandy City
FUL-00543,VEH059,2026-09-04,49.4,289,14277,241915,494,Ceypetco Kandy City
FUL-00544,VEH059,2026-09-06,25.4,289,7341,242171,256,Ceypetco Kandy City
FUL-00545,VEH059,2026-09-08,20.8,289,6011,242381,210,Ceypetco Katugastota
FUL-00546,VEH059,2026-09-11,32.4,289,9364,242701,320,Lanka IOC Peradeniya
FUL-00547,VEH059,2026-09-15,57.2,289,16531,243253,552,Ceypetco Kandy City
FUL-00548,VEH059,2026-09-19,41.1,289,11878,243668,415,Ceypetco Kandy City
FUL-00549,VEH059,2026-09-21,24.5,289,7080,243917,249,Ceypetco Katugastota
FUL-00550,VEH059,2026-09-24,39.1,289,11300,244312,395,Lanka IOC Peradeniya
FUL-00551,VEH059,2026-09-26,20.6,289,5953,244524,212,Lanka IOC Peradeniya
FUL-00552,VEH060,2026-08-31,28.1,289,8121,251839,305,Ceypetco Kandy City
FUL-00553,VEH060,2026-09-03,27.8,289,8034,252141,302,Ceypetco Katugastota
FUL-00554,VEH060,2026-09-05,20.3,289,5867,252367,226,Ceypetco Katugastota
FUL-00555,VEH060,2026-09-09,39.7,289,11473,252809,442,Lanka IOC Peradeniya
FUL-00556,VEH060,2026-09-12,28.0,289,8092,253107,298,Lanka IOC Peradeniya
FUL-00557,VEH060,2026-09-15,30.4,289,8786,253433,326,Ceypetco Katugastota
FUL-00558,VEH060,2026-09-18,36.4,289,10520,253815,382,Ceypetco Kandy City
FUL-00559,VEH060,2026-09-20,21.2,289,6127,254045,230,Ceypetco Kandy City
FUL-00560,VEH060,2026-09-24,36.2,289,10462,254443,398,Ceypetco Katugastota
FUL-00561,VEH060,2026-09-26,23.2,289,6705,254696,253,Ceypetco Katugastota
