maintenance_id,vehicle_id,service_type,service_date,odometer_km,cost_lkr,workshop,status,technician_notes
MNT-0001,VEH001,Reefer unit service,2026-02-11,187844,36000,Peliyagoda Fleet Workshop,Completed,"Compressor checked, refrigerant topped up"
MNT-0002,VEH001,Full service,2026-05-21,196835,74000,Peliyagoda Fleet Workshop,Completed,"All fluids topped up, filters replaced"
MNT-0003,VEH001,Full service,2026-08-17,206932,23000,United Motors Service,Completed,"All fluids topped up, filters replaced"
MNT-0004,VEH002,Reefer unit service,2026-02-26,183054,15000,Peliyagoda Fleet Workshop,Completed,"Compressor checked, refrigerant topped up"
MNT-0005,VEH002,Full service,2026-05-21,189723,74000,DIMO Service Centre,Completed,"All fluids topped up, filters replaced"
MNT-0006,VEH002,Full service,2026-08-15,196434,92000,Peliyagoda Fleet Workshop,Completed,"All fluids topped up, filters replaced"
MNT-0007,VEH003,Brake inspection,2025-12-30,207078,14000,Peliyagoda Fleet Workshop,Completed,"Front pads at 40%, OK for now"
MNT-0008,VEH003,Tyre rotation,2026-04-01,216923,35000,Peliyagoda Fleet Workshop,Completed,"Rotated and balanced, pressure set"
MNT-0009,VEH003,Full service,2026-07-11,224170,69000,DIMO Service Centre,Completed,"All fluids topped up, filters replaced"
MNT-0010,VEH004,Full service,2026-03-14,50866,18000,Peliyagoda Fleet Workshop,Completed,"All fluids topped up, filters replaced"
MNT-0011,VEH004,Brake inspection,2026-06-08,60014,38000,Peliyagoda Fleet Workshop,Completed,"Front pads at 40%, OK for now"
MNT-0012,VEH004,Full service,2026-09-15,67235,24000,Peliyagoda Fleet Workshop,Completed,"All fluids topped up, filters replaced"
MNT-0013,VEH005,Oil & filter change,2026-01-25,25510,12000,United Motors Service,Completed,Engine oil 15W-40 replaced
MNT-0014,VEH005,Reefer unit service,2026-05-03,32432,35000,Peliyagoda Fleet Workshop,Completed,"Compressor checked, refrigerant topped up"
MNT-0015,VEH005,Full service,2026-08-04,43015,95000,DIMO Service Centre,Completed,"All fluids topped up, filters replaced"
MNT-0016,VEH006,Oil & filter change,2025-12-09,44377,11000,Peliyagoda Fleet Workshop,Completed,Engine oil 15W-40 replaced
MNT-0017,VEH006,Wheel alignment,2026-03-15,51640,13000,Peliyagoda Fleet Workshop,Completed,"Alignment corrected, slight pull to left"
MNT-0018,VEH006,Full service,2026-06-12,58252,55000,Peliyagoda Fleet Workshop,Completed,"All fluids topped up, filters replaced"
MNT-0019,VEH007,Tyre rotation,2026-01-23,225486,28000,Peliyagoda Fleet Workshop,Completed,"Rotated and balanced, pressure set"
MNT-0020,VEH007,Tyre rotation,2026-05-03,233982,36000,DIMO Service Centre,Completed,"Rotated and balanced, pressure set"
MNT-0021,VEH007,Full service,2026-07-29,243885,26000,Peliyagoda Fleet Workshop,Completed,"All fluids topped up, filters replaced"
MNT-0022,VEH008,Brake inspection,2026-02-14,243739,13000,Peliyagoda Fleet Workshop,Completed,"Front pads at 40%, OK for now"
MNT-0023,VEH008,Wheel alignment,2026-05-12,250260,34000,Peliyagoda Fleet Workshop,Completed,"Alignment corrected, slight pull to left"
MNT-0024,VEH008,Full service,2026-08-16,259544,88000,United Motors Service,Completed,"All fluids topped up, filters replaced"
MNT-0025,VEH009,Oil & filter change,2026-02-03,224849,24000,United Motors Service,Completed,Engine oil 15W-40 replaced
MNT-0026,VEH009,Oil & filter change,2026-04-29,234486,28000,DIMO Service Centre,Completed,Engine oil 15W-40 replaced
MNT-0027,VEH009,Full service,2026-08-06,243622,81000,DIMO Service Centre,Completed,"All fluids topped up, filters replaced"
MNT-0028,VEH010,Wheel alignment,2026-02-23,102052,13000,Peliyagoda Fleet Workshop,Completed,"Alignment corrected, slight pull to left"
MNT-0029,VEH010,Full service,2026-06-01,109368,37000,Peliyagoda Fleet Workshop,Completed,"All fluids topped up, filters replaced"
MNT-0030,VEH010,Full service,2026-09-11,118587,51000,Peliyagoda Fleet Workshop,Completed,"All fluids topped up, filters replaced"
MNT-0031,VEH011,Brake inspection,2026-02-10,46287,6000,Peliyagoda Fleet Workshop,Completed,"Front pads at 40%, OK for now"
MNT-0032,VEH011,Brake inspection,2026-05-25,55900,19000,Peliyagoda Fleet Workshop,Completed,"Front pads at 40%, OK for now"
MNT-0033,VEH011,Full service,2026-08-28,63057,54000,DIMO Service Centre,Completed,"All fluids topped up, filters replaced"
MNT-0034,VEH012,Brake inspection,2026-01-12,207776,24000,United Motors Service,Completed,"Front pads at 40%, OK for now"
MNT-0035,VEH012,Full service,2026-04-20,215638,63000,Peliyagoda Fleet Workshop,Completed,"All fluids topped up, filters replaced"
MNT-0036,VEH012,Full service,2026-07-26,222944,36000,Peliyagoda Fleet Workshop,Completed,"All fluids topped up, filters replaced"
MNT-0037,VEH013,Wheel alignment,2026-03-26,26470,35000,DIMO Service Centre,Completed,"Alignment corrected, slight pull to left"
MNT-0038,VEH013,Oil & filter change,2026-06-15,33616,18000,Peliyagoda Fleet Workshop,Completed,Engine oil 15W-40 replaced
MNT-0039,VEH013,Full service,2026-09-19,41591,50000,Peliyagoda Fleet Workshop,Completed,"All fluids topped up, filters replaced"
MNT-0040,VEH014,Full service,2026-01-09,187711,93000,Peliyagoda Fleet Workshop,Completed,"All fluids topped up, filters replaced"
MNT-0041,VEH014,Brake inspection,2026-04-23,195505,31000,Peliyagoda Fleet Workshop,Completed,"Front pads at 40%, OK for now"
MNT-0042,VEH014,Full service,2026-07-02,205816,76000,DIMO Service Centre,Completed,"All fluids topped up, filters replaced"
MNT-0043,VEH014,Clutch overhaul,2026-09-26,212125,145000,Peliyagoda Fleet Workshop,In Progress,"Awaiting clutch kit, expected back in 2 days"
MNT-0044,VEH015,Wheel alignment,2026-02-01,118731,22000,Peliyagoda Fleet Workshop,Completed,"Alignment corrected, slight pull to left"
MNT-0045,VEH015,Full service,2026-04-27,128355,68000,Peliyagoda Fleet Workshop,Completed,"All fluids topped up, filters replaced"
MNT-0046,VEH015,Full service,2026-07-30,138813,90000,DIMO Service Centre,Completed,"All fluids topped up, filters replaced"
MNT-0047,VEH016,Oil & filter change,2025-12-22,194665,10000,DIMO Service Centre,Completed,Engine oil 15W-40 replaced
MNT-0048,VEH016,Oil & filter change,2026-03-24,202959,23000,DIMO Service Centre,Completed,Engine oil 15W-40 replaced
MNT-0049,VEH016,Full service,2026-07-03,211803,92000,Peliyagoda Fleet Workshop,Completed,"All fluids topped up, filters replaced"
MNT-0050,VEH017,Oil & filter change,2026-02-08,91728,38000,United Motors Service,Completed,Engine oil 15W-40 replaced
MNT-0051,VEH017,Brake inspection,2026-05-09,101631,37000,Peliyagoda Fleet Workshop,Completed,"Front pads at 40%, OK for now"
MNT-0052,VEH017,Full service,2026-07-26,108869,52000,United Motors Service,Completed,"All fluids topped up, filters replaced"
MNT-0053,VEH018,Full service,2026-01-25,65492,68000,United Motors Service,Completed,"All fluids topped up, filters replaced"
MNT-0054,VEH018,Brake inspection,2026-04-12,75828,9000,DIMO Service Centre,Completed,"Front pads at 40%, OK for now"
MNT-0055,VEH018,Full service,2026-07-21,84745,51000,Peliyagoda Fleet Workshop,Completed,"All fluids topped up, filters replaced"
MNT-0056,VEH019,Full service,2025-12-14,228734,21000,Peliyagoda Fleet Workshop,Completed,"All fluids topped up, filters replaced"
MNT-0057,VEH019,Brake inspection,2026-03-18,238277,39000,Peliyagoda Fleet Workshop,Completed,"Front pads at 40%, OK for now"
MNT-0058,VEH019,Full service,2026-06-25,247796,46000,Peliyagoda Fleet Workshop,Completed,"All fluids topped up, filters replaced"
MNT-0059,VEH020,Full service,2025-12-19,135019,81000,Peliyagoda Fleet Workshop,Completed,"All fluids topped up, filters replaced"
MNT-0060,VEH020,Tyre rotation,2026-03-06,142664,19000,DIMO Service Centre,Completed,"Rotated and balanced, pressure set"
MNT-0061,VEH020,Full service,2026-06-13,151639,67000,Peliyagoda Fleet Workshop,Completed,"All fluids topped up, filters replaced"
MNT-0062,VEH021,Full service,2026-01-16,193523,53000,Peliyagoda Fleet Workshop,Completed,"All fluids topped up, filters replaced"
MNT-0063,VEH021,Wheel alignment,2026-04-05,203421,27000,Peliyagoda Fleet Workshop,Completed,"Alignment corrected, slight pull to left"
MNT-0064,VEH021,Full service,2026-07-18,213354,74000,United Motors Service,Completed,"All fluids topped up, filters replaced"
MNT-0065,VEH022,Tyre rotation,2026-03-07,217688,11000,United Motors Service,Completed,"Rotated and balanced, pressure set"
MNT-0066,VEH022,Wheel alignment,2026-06-07,224684,9000,Peliyagoda Fleet Workshop,Completed,"Alignment corrected, slight pull to left"
MNT-0067,VEH022,Full service,2026-08-22,234193,94000,DIMO Service Centre,Completed,"All fluids topped up, filters replaced"
MNT-0068,VEH023,Wheel alignment,2025-12-17,139017,18000,Peliyagoda Fleet Workshop,Completed,"Alignment corrected, slight pull to left"
MNT-0069,VEH023,Oil & filter change,2026-03-10,146079,13000,DIMO Service Centre,Completed,Engine oil 15W-40 replaced
MNT-0070,VEH023,Full service,2026-06-09,154574,53000,DIMO Service Centre,Completed,"All fluids topped up, filters replaced"
MNT-0071,VEH024,Full service,2026-02-18,224154,63000,DIMO Service Centre,Completed,"All fluids topped up, filters replaced"
MNT-0072,VEH024,Brake inspection,2026-05-10,231554,24000,Peliyagoda Fleet Workshop,Completed,"Front pads at 40%, OK for now"
MNT-0073,VEH024,Full service,2026-07-27,242479,51000,Peliyagoda Fleet Workshop,Completed,"All fluids topped up, filters replaced"
MNT-0074,VEH025,Tyre rotation,2026-01-11,208913,10000,Peliyagoda Fleet Workshop,Completed,"Rotated and balanced, pressure set"
MNT-0075,VEH025,Full service,2026-03-26,219314,46000,DIMO Service Centre,Completed,"All fluids topped up, filters replaced"
MNT-0076,VEH025,Full service,2026-06-30,230123,84000,Peliyagoda Fleet Workshop,Completed,"All fluids topped up, filters replaced"
MNT-0077,VEH026,Full service,2026-03-07,35740,27000,United Motors Service,Completed,"All fluids topped up, filters replaced"
MNT-0078,VEH026,Tyre rotation,2026-06-10,45732,13000,Peliyagoda Fleet Workshop,Completed,"Rotated and balanced, pressure set"
MNT-0079,VEH026,Full service,2026-08-20,52730,53000,Peliyagoda Fleet Workshop,Completed,"All fluids topped up, filters replaced"
MNT-0080,VEH027,Tyre rotation,2026-01-05,54773,10000,DIMO Service Centre,Completed,"Rotated and balanced, pressure set"
MNT-0081,VEH027,Tyre rotation,2026-04-18,63688,39000,DIMO Service Centre,Completed,"Rotated and balanced, pressure set"
MNT-0082,VEH027,Full service,2026-08-01,72851,73000,Peliyagoda Fleet Workshop,Completed,"All fluids topped up, filters replaced"
MNT-0083,VEH028,Tyre rotation,2026-03-13,132772,31000,Peliyagoda Fleet Workshop,Completed,"Rotated and balanced, pressure set"
MNT-0084,VEH028,Brake inspection,2026-06-20,142538,20000,Peliyagoda Fleet Workshop,Completed,"Front pads at 40%, OK for now"
MNT-0085,VEH028,Full service,2026-09-12,152427,37000,Peliyagoda Fleet Workshop,Completed,"All fluids topped up, filters replaced"
MNT-0086,VEH029,Tyre rotation,2026-03-28,114688,12000,Peliyagoda Fleet Workshop,Completed,"Rotated and balanced, pressure set"
MNT-0087,VEH029,Full service,2026-06-11,121951,93000,United Motors Service,Completed,"All fluids topped up, filters replaced"
MNT-0088,VEH029,Full service,2026-09-19,129000,33000,Peliyagoda Fleet Workshop,Completed,"All fluids topped up, filters replaced"
MNT-0089,VEH030,Full service,2026-01-21,73848,37000,Peliyagoda Fleet Workshop,Completed,"All fluids topped up, filters replaced"
MNT-0090,VEH030,Brake inspection,2026-04-20,83228,18000,United Motors Service,Completed,"Front pads at 40%, OK for now"
MNT-0091,VEH030,Full service,2026-07-26,90149,89000,Peliyagoda Fleet Workshop,Completed,"All fluids topped up, filters replaced"
MNT-0092,VEH031,Wheel alignment,2026-02-23,57641,15000,Peliyagoda Fleet Workshop,Completed,"Alignment corrected, slight pull to left"
MNT-0093,VEH031,Tyre rotation,2026-06-08,64356,23000,United Motors Service,Completed,"Rotated and balanced, pressure set"
MNT-0094,VEH031,Full service,2026-09-03,72708,18000,Peliyagoda Fleet Workshop,Completed,"All fluids topped up, filters replaced"
MNT-0095,VEH032,Full service,2026-03-28,182036,66000,Peliyagoda Fleet Workshop,Completed,"All fluids topped up, filters replaced"
MNT-0096,VEH032,Full service,2026-06-15,188787,61000,Peliyagoda Fleet Workshop,Completed,"All fluids topped up, filters replaced"
MNT-0097,VEH032,Full service,2026-09-02,198570,57000,DIMO Service Centre,Completed,"All fluids topped up, filters replaced"
MNT-0098,VEH033,Brake inspection,2026-03-14,135999,35000,Peliyagoda Fleet Workshop,Completed,"Front pads at 40%, OK for now"
MNT-0099,VEH033,Oil & filter change,2026-05-26,143167,30000,Peliyagoda Fleet Workshop,Completed,Engine oil 15W-40 replaced
MNT-0100,VEH033,Full service,2026-08-07,150941,83000,Peliyagoda Fleet Workshop,Completed,"All fluids topped up, filters replaced"
MNT-0101,VEH034,Brake inspection,2026-02-27,15120,29000,DIMO Service Centre,Completed,"Front pads at 40%, OK for now"
MNT-0102,VEH034,Brake inspection,2026-06-08,25936,4000,Peliyagoda Fleet Workshop,Completed,"Front pads at 40%, OK for now"
MNT-0103,VEH034,Full service,2026-09-13,33344,45000,United Motors Service,Completed,"All fluids topped up, filters replaced"
MNT-0104,VEH035,Reefer unit service,2026-04-12,78896,12000,Peliyagoda Fleet Workshop,Completed,"Compressor checked, refrigerant topped up"
MNT-0105,VEH035,Full service,2026-06-21,89470,47000,Peliyagoda Fleet Workshop,Completed,"All fluids topped up, filters replaced"
MNT-0106,VEH035,Full service,2026-09-17,98657,63000,Peliyagoda Fleet Workshop,Completed,"All fluids topped up, filters replaced"
MNT-0107,VEH036,Brake inspection,2025-12-24,137597,30000,Peliyagoda Fleet Workshop,Completed,"Front pads at 40%, OK for now"
MNT-0108,VEH036,Full service,2026-04-02,144734,69000,Peliyagoda Fleet Workshop,Completed,"All fluids topped up, filters replaced"
MNT-0109,VEH036,Full service,2026-06-13,154807,59000,Peliyagoda Fleet Workshop,Completed,"All fluids topped up, filters replaced"
MNT-0110,VEH037,Oil & filter change,2025-12-23,100034,37000,Peliyagoda Fleet Workshop,Completed,Engine oil 15W-40 replaced
MNT-0111,VEH037,Full service,2026-03-30,107401,57000,DIMO Service Centre,Completed,"All fluids topped up, filters replaced"
MNT-0112,VEH037,Full service,2026-07-07,116865,60000,DIMO Service Centre,Completed,"All fluids topped up, filters replaced"
MNT-0113,VEH038,Brake inspection,2026-01-27,166516,19000,Peliyagoda Fleet Workshop,Completed,"Front pads at 40%, OK for now"
MNT-0114,VEH038,Wheel alignment,2026-05-09,174604,20000,Peliyagoda Fleet Workshop,Completed,"Alignment corrected, slight pull to left"
MNT-0115,VEH038,Full service,2026-08-19,182038,95000,Peliyagoda Fleet Workshop,Completed,"All fluids topped up, filters replaced"
MNT-0116,VEH039,Wheel alignment,2026-01-03,151486,24000,Kandy Fleet Workshop,Completed,"Alignment corrected, slight pull to left"
MNT-0117,VEH039,Reefer unit service,2026-04-14,161786,8000,Kandy Fleet Workshop,Completed,"Compressor checked, refrigerant topped up"
MNT-0118,VEH039,Full service,2026-06-27,169737,56000,DIMO Service Centre,Completed,"All fluids topped up, filters replaced"
MNT-0119,VEH039,Clutch overhaul,2026-09-26,177655,145000,Kandy Fleet Workshop,In Progress,"Awaiting clutch kit, expected back in 2 days"
MNT-0120,VEH040,Tyre rotation,2026-01-19,231991,27000,DIMO Service Centre,Completed,"Rotated and balanced, pressure set"
MNT-0121,VEH040,Full service,2026-04-18,242273,29000,Kandy Fleet Workshop,Completed,"All fluids topped up, filters replaced"
MNT-0122,VEH040,Full service,2026-07-19,252929,82000,Kandy Fleet Workshop,Completed,"All fluids topped up, filters replaced"
MNT-0123,VEH041,Wheel alignment,2026-01-20,204041,13000,United Motors Service,Completed,"Alignment corrected, slight pull to left"
MNT-0124,VEH041,Tyre rotation,2026-04-12,213174,10000,United Motors Service,Completed,"Rotated and balanced, pressure set"
MNT-0125,VEH041,Full service,2026-07-26,220010,28000,Kandy Fleet Workshop,Completed,"All fluids topped up, filters replaced"
MNT-0126,VEH042,Wheel alignment,2026-02-18,124657,27000,Kandy Fleet Workshop,Completed,"Alignment corrected, slight pull to left"
MNT-0127,VEH042,Oil & filter change,2026-05-27,134756,22000,Kandy Fleet Workshop,Completed,Engine oil 15W-40 replaced
MNT-0128,VEH042,Full service,2026-08-16,141576,61000,Kandy Fleet Workshop,Completed,"All fluids topped up, filters replaced"
MNT-0129,VEH043,Wheel alignment,2026-01-26,209704,20000,DIMO Service Centre,Completed,"Alignment corrected, slight pull to left"
MNT-0130,VEH043,Full service,2026-04-27,216978,60000,Kandy Fleet Workshop,Completed,"All fluids topped up, filters replaced"
MNT-0131,VEH043,Full service,2026-07-09,226219,36000,United Motors Service,Completed,"All fluids topped up, filters replaced"
MNT-0132,VEH044,Wheel alignment,2026-02-16,144841,12000,Kandy Fleet Workshop,Completed,"Alignment corrected, slight pull to left"
MNT-0133,VEH044,Wheel alignment,2026-05-02,153877,37000,Kandy Fleet Workshop,Completed,"Alignment corrected, slight pull to left"
MNT-0134,VEH044,Full service,2026-08-05,161433,72000,Kandy Fleet Workshop,Completed,"All fluids topped up, filters replaced"
MNT-0135,VEH045,Brake inspection,2026-03-21,68058,18000,DIMO Service Centre,Completed,"Front pads at 40%, OK for now"
MNT-0136,VEH045,Brake inspection,2026-06-10,76312,8000,Kandy Fleet Workshop,Completed,"Front pads at 40%, OK for now"
MNT-0137,VEH045,Full service,2026-08-20,85782,30000,Kandy Fleet Workshop,Completed,"All fluids topped up, filters replaced"
MNT-0138,VEH046,Wheel alignment,2026-01-10,179992,14000,Kandy Fleet Workshop,Completed,"Alignment corrected, slight pull to left"
MNT-0139,VEH046,Full service,2026-04-11,187565,39000,DIMO Service Centre,Completed,"All fluids topped up, filters replaced"
MNT-0140,VEH046,Full service,2026-07-24,198378,70000,Kandy Fleet Workshop,Completed,"All fluids topped up, filters replaced"
MNT-0141,VEH046,Clutch overhaul,2026-09-26,207319,145000,Kandy Fleet Workshop,In Progress,"Awaiting clutch kit, expected back in 2 days"
MNT-0142,VEH047,Oil & filter change,2026-02-11,181310,23000,United Motors Service,Completed,Engine oil 15W-40 replaced
MNT-0143,VEH047,Wheel alignment,2026-05-10,191487,16000,Kandy Fleet Workshop,Completed,"Alignment corrected, slight pull to left"
MNT-0144,VEH047,Full service,2026-08-03,201625,91000,United Motors Service,Completed,"All fluids topped up, filters replaced"
MNT-0145,VEH048,Oil & filter change,2026-02-06,194358,20000,Kandy Fleet Workshop,Completed,Engine oil 15W-40 replaced
MNT-0146,VEH048,Wheel alignment,2026-05-20,204287,34000,DIMO Service Centre,Completed,"Alignment corrected, slight pull to left"
MNT-0147,VEH048,Full service,2026-08-16,213915,84000,United Motors Service,Completed,"All fluids topped up, filters replaced"
MNT-0148,VEH049,Oil & filter change,2025-12-23,204544,18000,United Motors Service,Completed,Engine oil 15W-40 replaced
MNT-0149,VEH049,Brake inspection,2026-03-31,215249,5000,Kandy Fleet Workshop,Completed,"Front pads at 40%, OK for now"
MNT-0150,VEH049,Full service,2026-06-14,223062,68000,Kandy Fleet Workshop,Completed,"All fluids topped up, filters replaced"
MNT-0151,VEH050,Full service,2026-02-16,234186,60000,DIMO Service Centre,Completed,"All fluids topped up, filters replaced"
MNT-0152,VEH050,Full service,2026-05-20,242525,22000,Kandy Fleet Workshop,Completed,"All fluids topped up, filters replaced"
MNT-0153,VEH050,Full service,2026-08-13,252188,78000,Kandy Fleet Workshop,Completed,"All fluids topped up, filters replaced"
MNT-0154,VEH051,Full service,2026-02-13,30647,37000,Kandy Fleet Workshop,Completed,"All fluids topped up, filters replaced"
MNT-0155,VEH051,Tyre rotation,2026-04-24,37796,37000,Kandy Fleet Workshop,Completed,"Rotated and balanced, pressure set"
MNT-0156,VEH051,Full service,2026-07-11,48138,54000,Kandy Fleet Workshop,Completed,"All fluids topped up, filters replaced"
MNT-0157,VEH052,Full service,2026-01-28,86812,94000,Kandy Fleet Workshop,Completed,"All fluids topped up, filters replaced"
MNT-0158,VEH052,Oil & filter change,2026-05-04,97056,36000,Kandy Fleet Workshop,Completed,Engine oil 15W-40 replaced
MNT-0159,VEH052,Full service,2026-07-20,103947,36000,Kandy Fleet Workshop,Completed,"All fluids topped up, filters replaced"
MNT-0160,VEH053,Full service,2026-02-14,234118,26000,DIMO Service Centre,Completed,"All fluids topped up, filters replaced"
MNT-0161,VEH053,Oil & filter change,2026-05-21,242152,28000,DIMO Service Centre,Completed,Engine oil 15W-40 replaced
MNT-0162,VEH053,Full service,2026-07-30,251542,67000,United Motors Service,Completed,"All fluids topped up, filters replaced"
MNT-0163,VEH054,Full service,2026-03-02,49090,23000,Kandy Fleet Workshop,Completed,"All fluids topped up, filters replaced"
MNT-0164,VEH054,Full service,2026-06-02,57565,61000,DIMO Service Centre,Completed,"All fluids topped up, filters replaced"
MNT-0165,VEH054,Full service,2026-08-12,66990,77000,United Motors Service,Completed,"All fluids topped up, filters replaced"
MNT-0166,VEH055,Brake inspection,2026-01-26,115026,16000,United Motors Service,Completed,"Front pads at 40%, OK for now"
MNT-0167,VEH055,Full service,2026-05-05,121828,57000,Kandy Fleet Workshop,Completed,"All fluids topped up, filters replaced"
MNT-0168,VEH055,Full service,2026-07-25,129432,87000,Kandy Fleet Workshop,Completed,"All fluids topped up, filters replaced"
MNT-0169,VEH056,Brake inspection,2026-01-01,180330,27000,Kandy Fleet Workshop,Completed,"Front pads at 40%, OK for now"
MNT-0170,VEH056,Brake inspection,2026-04-03,187221,29000,United Motors Service,Completed,"Front pads at 40%, OK for now"
MNT-0171,VEH056,Full service,2026-06-14,195286,61000,United Motors Service,Completed,"All fluids topped up, filters replaced"
MNT-0172,VEH057,Reefer unit service,2026-02-23,163887,31000,Kandy Fleet Workshop,Completed,"Compressor checked, refrigerant topped up"
MNT-0173,VEH057,Wheel alignment,2026-05-21,171063,15000,Kandy Fleet Workshop,Completed,"Alignment corrected, slight pull to left"
MNT-0174,VEH057,Full service,2026-08-30,180572,59000,Kandy Fleet Workshop,Completed,"All fluids topped up, filters replaced"
MNT-0175,VEH058,Oil & filter change,2026-02-07,22953,32000,Kandy Fleet Workshop,Completed,Engine oil 15W-40 replaced
MNT-0176,VEH058,Brake inspection,2026-05-16,32943,26000,Kandy Fleet Workshop,Completed,"Front pads at 40%, OK for now"
MNT-0177,VEH058,Full service,2026-08-14,41864,73000,Kandy Fleet Workshop,Completed,"All fluids topped up, filters replaced"
MNT-0178,VEH059,Oil & filter change,2026-01-21,215567,32000,Kandy Fleet Workshop,Completed,Engine oil 15W-40 replaced
MNT-0179,VEH059,Tyre rotation,2026-04-24,226270,8000,Kandy Fleet Workshop,Completed,"Rotated and balanced, pressure set"
MNT-0180,VEH059,Full service,2026-07-06,233384,64000,Kandy Fleet Workshop,Completed,"All fluids topped up, filters replaced"
MNT-0181,VEH060,Tyre rotation,2026-03-29,234163,37000,Kandy Fleet Workshop,Completed,"Rotated and balanced, pressure set"
MNT-0182,VEH060,Tyre rotation,2026-06-30,243710,24000,Kandy Fleet Workshop,Completed,"Rotated and balanced, pressure set"
MNT-0183,VEH060,Full service,2026-09-10,251466,49000,DIMO Service Centre,Completed,"All fluids topped up, filters replaced"
