vehicle_id,registration_no,make_model,year,tank_capacity_l,odometer_km,driver_name,assigned_brand,last_service_date,last_service_km,service_interval_km,service_interval_days,insurance_expiry,revenue_licence_expiry,status
VEH001,WP LK-9280,Hino 300 Series,2021,150,218223,Mahesh Senanayake,Waypoint Fresh,2026-08-17,206932,10000,90,2027-01-28,2026-10-26,active
VEH002,WP LK-1722,Isuzu Elf NPR,2014,100,204273,Janaka Perera,Waypoint Fresh,2026-08-15,196434,10000,90,2027-03-11,2026-12-05,active
VEH003,WP LK-8007,Hino 300 Series,2022,150,232309,Nuwan Kumara,Waypoint Fresh,2026-07-11,224170,10000,90,2026-09-26,2026-11-26,active
VEH004,WP LM-7049,Tata LPT 1613,2023,200,77073,Nuwan Perera,Waypoint Fresh,2026-09-15,67235,10000,90,2027-07-01,2026-12-14,active
VEH005,WP LK-1653,Ashok Leyland Boss 1115,2019,200,48965,Tharindu Fernando,Waypoint Fresh,2026-08-04,43015,10000,90,2027-01-07,2027-09-14,active
VEH006,WP LM-7658,Tata LPT 1613,2023,200,64946,Asanka Rathnayake,Waypoint Fresh,2026-06-12,58252,10000,90,2026-12-10,2027-01-29,active
VEH007,WP LK-1406,Isuzu Elf NPR,2016,100,247685,Pradeep Wijesinghe,Waypoint Fresh,2026-07-29,243885,10000,90,2027-03-11,2027-04-28,active
VEH008,WP LM-2771,Isuzu Elf NPR,2020,100,264509,Chaminda Bandara,Waypoint Fresh,2026-08-16,259544,10000,90,2026-10-11,2027-05-28,active
VEH009,WP LK-4728,Mitsubishi Fuso Canter,2017,150,252063,Janaka Jayasinghe,Waypoint Style,2026-08-06,243622,10000,90,2026-10-04,2027-09-02,active
VEH010,WP LJ-6753,Tata LPT 1613,2024,200,124051,Roshan Jayasinghe,Waypoint Style,2026-09-11,118587,10000,90,2027-06-09,2027-04-22,active
VEH011,WP LK-5349,Ashok Leyland Boss 1115,2014,200,68236,Kelum Wijesinghe,Shared,2026-08-28,63057,10000,90,2026-11-16,2027-08-01,active
VEH012,WP LJ-9379,Hino 300 Series,2015,150,228983,Pradeep Fernando,Shared,2026-07-26,222944,10000,90,2027-04-07,2027-07-22,active
VEH013,WP LJ-9821,Mitsubishi Fuso Canter,2024,150,49635,Pradeep Dissanayake,Shared,2026-09-19,41591,10000,90,2026-12-31,2027-04-04,active
VEH014,WP LK-3041,Ashok Leyland Boss 1115,2018,200,212125,Mahesh Kumara,Waypoint Style,2026-07-02,205816,10000,90,2027-06-08,2027-03-07,in_workshop
VEH015,WP LM-3085,Isuzu Elf NPR,2017,100,145057,Kasun Herath,Waypoint Style,2026-07-30,138813,10000,90,2027-04-25,2027-09-05,active
VEH016,WP LJ-5930,Isuzu Elf NPR,2020,100,215554,Kelum Jayasinghe,Shared,2026-07-03,211803,10000,90,2027-06-29,2026-09-30,active
VEH017,WP LJ-6279,Isuzu Elf NPR,2021,100,113212,Isuru Herath,Shared,2026-07-26,108869,10000,90,2027-05-06,2027-05-14,active
VEH018,WP LM-2389,Isuzu Elf NPR,2018,100,94020,Asanka Bandara,Waypoint Fresh,2026-07-21,84745,10000,90,2027-06-12,2027-09-04,active
VEH019,WP LK-4680,Ashok Leyland Boss 1115,2017,200,252544,Dinesh Herath,Waypoint Style,2026-06-25,247796,10000,90,2026-12-06,2026-10-12,active
VEH020,WP LK-8461,Tata LPT 1613,2020,200,162554,Kelum Fernando,Waypoint Fresh,2026-06-13,151639,10000,90,2027-08-10,2027-07-21,active
VEH021,WP LM-4997,Mitsubishi Fuso Canter,2016,150,220545,Amila Perera,Waypoint Tech,2026-07-18,213354,10000,90,2027-08-23,2027-09-17,active
VEH022,WP LK-9486,Mitsubishi Fuso Canter,2021,150,242058,Sunil Wijesinghe,Waypoint Fresh,2026-08-22,234193,10000,90,2026-10-17,2027-07-12,active
VEH023,WP LK-9702,Tata LPT 1613,2022,200,157658,Nimal Silva,Waypoint Tech,2026-06-09,154574,10000,90,2027-07-23,2027-03-11,active
VEH024,WP LM-8305,Ashok Leyland Boss 1115,2016,200,251649,Sampath Kumara,Shared,2026-07-27,242479,10000,90,2027-05-23,2027-05-18,active
VEH025,WP LJ-9540,Isuzu Elf NPR,2021,100,235073,Isuru Jayasinghe,Waypoint Style,2026-06-30,230123,10000,90,2027-08-08,2027-01-30,active
VEH026,WP LJ-6502,Ashok Leyland Boss 1115,2019,200,58311,Kelum Rathnayake,Waypoint Style,2026-08-20,52730,10000,90,2027-06-25,2026-11-10,active
VEH027,WP LK-4505,Isuzu Elf NPR,2015,100,77539,Kasun Fernando,Waypoint Fresh,2026-08-01,72851,10000,90,2027-04-22,2027-04-26,active
VEH028,WP LM-7883,Hino 300 Series,2020,150,160139,Sampath Silva,Waypoint Fresh,2026-09-12,152427,10000,90,2027-07-18,2027-09-21,active
VEH029,WP LM-5892,Mitsubishi Fuso Canter,2020,150,137714,Tharindu Kumara,Waypoint Style,2026-09-19,129000,10000,90,2027-04-24,2027-07-02,active
VEH030,WP LJ-1475,Tata LPT 1613,2020,200,95520,Chaminda Wijesinghe,Waypoint Tech,2026-07-26,90149,10000,90,2027-03-13,2027-09-07,active
VEH031,WP LM-9751,Ashok Leyland Boss 1115,2014,200,81265,Saman Herath,Shared,2026-09-03,72708,10000,90,2027-04-11,2027-07-30,active
VEH032,WP LK-3977,Mitsubishi Fuso Canter,2014,150,206492,Sampath Senanayake,Waypoint Tech,2026-09-02,198570,10000,90,2027-02-02,2027-04-12,active
VEH033,WP LK-5558,Ashok Leyland Boss 1115,2020,200,157196,Sampath Herath,Waypoint Tech,2026-08-07,150941,10000,90,2027-01-29,2026-11-10,active
VEH034,WP LJ-4673,Isuzu Elf NPR,2024,100,43081,Lahiru Kumara,Waypoint Style,2026-09-13,33344,10000,90,2026-10-27,2027-08-29,active
VEH035,WP PH-3496,Toyota HiAce KDH,2017,70,102823,Sunil Kumara,Waypoint Fresh,2026-09-17,98657,7500,90,2026-11-25,2027-05-30,active
VEH036,WP PH-7043,Toyota HiAce KDH,2016,70,159905,Pradeep Silva,Waypoint Fresh,2026-06-13,154807,7500,90,2027-07-29,2027-08-06,active
VEH037,WP PH-6111,Toyota HiAce KDH,2023,70,119536,Lahiru Gunawardena,Waypoint Fresh,2026-07-07,116865,7500,90,2027-04-02,2027-04-21,active
VEH038,WP PH-5941,Toyota HiAce KDH,2024,70,193214,Asanka Perera,Waypoint Fresh,2026-08-19,182038,7500,90,2027-07-26,2026-11-30,active
VEH039,CP LJ-7071,Tata LPT 1613,2015,200,177655,Ruwan Bandara,Waypoint Fresh,2026-06-27,169737,10000,90,2027-06-08,2027-08-27,in_workshop
VEH040,CP LK-2729,Hino 300 Series,2020,150,260711,Dinesh Bandara,Waypoint Fresh,2026-07-19,252929,10000,90,2027-03-26,2027-08-21,active
VEH041,CP LJ-3885,Isuzu Elf NPR,2022,100,223416,Tharindu Dissanayake,Waypoint Fresh,2026-07-26,220010,10000,90,2027-08-21,2027-02-15,active
VEH042,CP LJ-6280,Ashok Leyland Boss 1115,2017,200,152183,Roshan Perera,Waypoint Fresh,2026-08-16,141576,10000,90,2026-11-05,2027-02-19,active
VEH043,CP LK-7209,Hino 300 Series,2019,150,234732,Asanka Kumara,Waypoint Fresh,2026-07-09,226219,10000,90,2026-10-06,2027-06-10,active
VEH044,CP LK-6576,Hino 300 Series,2018,150,165808,Isuru Perera,Waypoint Style,2026-08-05,161433,10000,90,2027-07-24,2027-02-18,active
VEH045,CP LM-9004,Mitsubishi Fuso Canter,2022,150,88084,Isuru Senanayake,Waypoint Tech,2026-08-20,85782,10000,90,2027-01-23,2027-09-18,active
VEH046,CP LJ-2524,Isuzu Elf NPR,2018,100,207319,Tharindu Jayasinghe,Waypoint Fresh,2026-07-24,198378,10000,90,2027-01-13,2027-04-25,in_workshop
VEH047,CP LJ-9698,Mitsubishi Fuso Canter,2019,150,212053,Sampath Fernando,Waypoint Tech,2026-08-03,201625,10000,90,2027-04-27,2027-07-08,active
VEH048,CP LJ-5118,Hino 300 Series,2017,150,222249,Janaka Silva,Waypoint Style,2026-08-16,213915,10000,90,2026-11-22,2027-01-06,active
VEH049,CP LK-4138,Hino 300 Series,2017,150,232741,Tharindu Herath,Waypoint Fresh,2026-06-14,223062,10000,90,2027-05-27,2027-02-18,active
VEH050,CP LK-6912,Ashok Leyland Boss 1115,2016,200,256268,Sampath Wijesinghe,Waypoint Fresh,2026-08-13,252188,10000,90,2027-02-23,2026-10-07,active
VEH051,CP LJ-3068,Tata LPT 1613,2024,200,49931,Janaka Fernando,Waypoint Style,2026-07-11,48138,10000,90,2027-05-31,2026-11-21,active
VEH052,CP LM-6582,Mitsubishi Fuso Canter,2016,150,112537,Kasun Silva,Waypoint Tech,2026-07-20,103947,10000,90,2026-10-18,2027-02-06,active
VEH053,CP LK-2213,Ashok Leyland Boss 1115,2023,200,253512,Kasun Gunawardena,Waypoint Tech,2026-07-30,251542,10000,90,2027-08-10,2027-09-16,active
VEH054,CP LK-5066,Tata LPT 1613,2015,200,77111,Buddhika Bandara,Waypoint Fresh,2026-08-12,66990,10000,90,2027-07-04,2027-05-01,active
VEH055,CP LM-8025,Mitsubishi Fuso Canter,2018,150,137713,Kasun Kumara,Waypoint Style,2026-07-25,129432,10000,90,2027-07-10,2027-08-13,active
VEH056,CP LK-4457,Isuzu Elf NPR,2018,100,197811,Kasun Jayasinghe,Waypoint Fresh,2026-06-14,195286,10000,90,2026-11-02,2026-12-19,active
VEH057,CP PH-1043,Toyota HiAce KDH,2020,70,182701,Roshan Senanayake,Waypoint Fresh,2026-08-30,180572,7500,90,2027-05-10,2027-09-17,active
VEH058,CP PJ-5632,Nissan NV350 Caravan,2021,70,46556,Ruwan Jayasinghe,Waypoint Fresh,2026-08-14,41864,7500,90,2026-10-28,2027-09-16,active
VEH059,CP PJ-7965,Toyota HiAce KDH,2015,70,244524,Pradeep Herath,Waypoint Fresh,2026-07-06,233384,7500,90,2027-06-27,2027-01-23,active
VEH060,CP PJ-3718,Toyota HiAce KDH,2018,70,254696,Amila Gunawardena,Waypoint Fresh,2026-09-10,251466,7500,90,2027-07-23,2027-07-18,active
